date,return,turnover,market
2016-01-04,-0.00220313,0.00000000,-0.00468269
2016-01-05,-0.00726838,0.00000000,-0.00774107
2016-01-06,0.01776518,0.00000000,0.01549032
2016-01-07,-0.00763971,0.00000000,-0.00868451
2016-01-08,-0.00352330,0.00000000,-0.00664934
2016-01-11,0.00108873,0.00000000,0.01313510
2016-01-12,-0.01093852,0.00000000,-0.00656537
2016-01-13,-0.00454655,1.00000000,-0.01391757
2016-01-14,0.01587225,0.00000000,0.00594316
2016-01-15,-0.00015337,0.00000000,0.00012659
2016-01-18,-0.00618246,0.00000000,-0.00016195
2016-01-19,-0.00733006,0.00000000,-0.00399456
2016-01-20,0.00258062,0.00000000,-0.01050369
2016-01-21,-0.02363115,0.00000000,-0.02097009
2016-01-22,0.01040931,0.00000000,0.01276606
2016-01-25,-0.00091689,0.00000000,-0.00583268
2016-01-26,-0.00328540,0.00000000,0.00144439
2016-01-27,-0.00036563,0.00000000,0.00483199
2016-01-28,-0.00117162,0.00000000,-0.00523800
2016-01-29,-0.01638068,0.00000000,-0.01730039
2016-02-01,-0.01694994,0.00000000,-0.02391975
2016-02-02,0.01968861,0.00000000,0.01871096
2016-02-03,0.00161042,0.00000000,-0.00270251
2016-02-04,-0.00540672,0.00000000,-0.01295604
2016-02-05,-0.00350975,0.00000000,0.00115112
2016-02-08,-0.00865640,0.00000000,-0.01022977
2016-02-09,0.00089563,0.00000000,-0.00407530
2016-02-10,0.00713306,0.00000000,-0.00162751
2016-02-11,-0.01557302,0.00000000,-0.00378664
2016-02-12,-0.00853759,1.00000000,-0.00357366
2016-02-15,0.00509816,0.00000000,0.00601203
2016-02-16,-0.00014678,0.00000000,0.00649087
2016-02-17,0.00905200,0.00000000,0.01119874
2016-02-18,-0.00844783,0.00000000,-0.01289752
2016-02-19,-0.00782059,0.00000000,-0.01166954
2016-02-22,-0.00200815,0.00000000,-0.00027478
2016-02-23,0.00388958,0.00000000,0.00311241
2016-02-24,-0.00089788,0.00000000,0.00588963
2016-02-25,0.00387318,0.00000000,-0.00196470
2016-02-26,0.01199314,0.00000000,0.00394414
2016-02-29,-0.00775971,0.00000000,-0.00952714
2016-03-01,-0.00254144,0.00000000,-0.01381826
2016-03-02,-0.00912265,0.00000000,-0.01332292
2016-03-03,0.00219157,0.00000000,-0.00907246
2016-03-04,-0.00444984,1.00000000,-0.01151965
2016-03-07,-0.00245532,0.00000000,-0.00482205
2016-03-08,0.01875339,0.00000000,-0.00226737
2016-03-09,-0.00296530,0.00000000,0.00416113
2016-03-10,0.00097590,0.00000000,0.00905177
2016-03-11,-0.00292949,0.00000000,-0.00406153
2016-03-14,0.01022672,0.00000000,0.01378052
2016-03-15,-0.01340925,0.00000000,-0.01386425
2016-03-16,0.00200393,0.00000000,-0.00093325
2016-03-17,0.00787172,0.00000000,0.00526303
2016-03-18,-0.01470244,0.00000000,-0.01454427
2016-03-21,0.00423753,0.00000000,0.00472486
2016-03-22,0.00403336,0.00000000,0.01239159
2016-03-23,0.01335688,0.00000000,0.01715095
2016-03-24,-0.01649199,0.00000000,-0.00713139
2016-03-25,0.00238741,0.00000000,0.00200839
2016-03-28,0.00814465,0.00000000,0.00741075
2016-03-29,0.01409286,0.00000000,0.01931005
2016-03-30,-0.00936155,0.00000000,-0.01686979
2016-03-31,0.00943901,0.00000000,0.00414102
2016-04-01,-0.00115773,0.00000000,-0.01181188
2016-04-04,-0.01651073,0.00000000,-0.00731163
2016-04-05,0.00219790,0.00000000,-0.00043570
2016-04-06,0.00320165,0.00000000,0.00451872
2016-04-07,0.01907819,0.00000000,0.03129718
2016-04-08,0.00119377,0.00000000,-0.00137873
2016-04-11,0.01281301,0.00000000,0.01426243
2016-04-12,-0.00463007,0.00000000,-0.00764993
2016-04-13,-0.00035215,0.00000000,-0.00408258
2016-04-14,-0.00584952,0.00000000,0.00836309
2016-04-15,-0.00629735,0.00000000,-0.00576037
2016-04-18,0.00350437,0.00000000,0.01173944
2016-04-19,0.00163802,0.00000000,-0.00604746
2016-04-20,0.00514988,0.00000000,0.01130399
2016-04-21,0.00164589,0.00000000,0.00171639
2016-04-22,0.00874384,0.00000000,0.00976842
2016-04-25,0.01297872,0.00000000,0.02048958
2016-04-26,-0.00555035,0.00000000,-0.01547296
2016-04-27,0.01268018,0.00000000,0.01175986
2016-04-28,-0.00255489,0.00000000,0.00261192
2016-04-29,0.00643854,0.00000000,0.00724195
2016-05-02,-0.01009992,0.00000000,-0.00310381
2016-05-03,0.00413534,0.00000000,0.01062538
2016-05-04,-0.00035349,0.00000000,-0.00353108
2016-05-05,0.01928899,0.00000000,0.01373398
2016-05-06,0.00799493,0.00000000,0.01230748
2016-05-09,-0.00214930,0.00000000,-0.00296661
2016-05-10,-0.01238954,0.00000000,0.00624130
2016-05-11,0.01515601,0.00000000,0.01579112
2016-05-12,-0.00334868,0.00000000,-0.00023787
2016-05-13,-0.00671606,0.00000000,-0.00123552
2016-05-16,-0.00010754,0.00000000,0.00673811
2016-05-17,0.01154156,0.00000000,0.02035039
2016-05-18,0.01696691,0.00000000,0.02600751
2016-05-19,-0.02032777,0.00000000,-0.02636602
2016-05-20,0.00485096,0.00000000,0.00700811
2016-05-23,-0.01308872,0.00000000,-0.01089610
2016-05-24,-0.01234376,0.00000000,-0.02871685
2016-05-25,-0.00689269,0.00000000,-0.00130620
2016-05-26,0.00037267,0.00000000,-0.00073453
2016-05-27,-0.00594699,0.00000000,-0.00238226
2016-05-30,0.00623635,0.00000000,-0.00163863
2016-05-31,-0.01233794,0.00000000,-0.00319019
2016-06-01,-0.00404299,0.00000000,-0.00326754
2016-06-02,0.00167631,0.00000000,0.00876567
2016-06-03,-0.00156509,0.00000000,0.00650768
2016-06-06,0.00186693,0.00000000,0.00220603
2016-06-07,-0.00870150,0.00000000,-0.00851168
2016-06-08,0.00583778,0.00000000,-0.00144650
2016-06-09,0.00572725,1.00000000,-0.00130487
2016-06-10,-0.00010687,0.00000000,-0.00041241
2016-06-13,0.00027858,0.00000000,-0.00476170
2016-06-14,-0.00318152,0.00000000,0.00334821
2016-06-15,-0.01710837,0.00000000,-0.01933247
2016-06-16,-0.01426839,0.00000000,-0.01777351
2016-06-17,0.00677557,0.00000000,0.01815149
2016-06-20,-0.01606095,0.00000000,-0.01206187
2016-06-21,-0.01624083,0.00000000,-0.02129427
2016-06-22,0.00024019,0.00000000,0.01048381
2016-06-23,-0.00426073,0.00000000,-0.01582115
2016-06-24,-0.01656280,0.00000000,-0.01064877
2016-06-27,-0.00117517,0.00000000,-0.00073399
2016-06-28,-0.00025660,0.00000000,0.01991264
2016-06-29,0.00839209,0.00000000,0.00972731
2016-06-30,-0.01325490,0.00000000,-0.01703679
2016-07-01,-0.01104327,0.00000000,-0.02966952
2016-07-04,0.00565132,0.00000000,0.00569150
2016-07-05,0.00521274,1.00000000,0.01747243
2016-07-06,-0.00199753,0.00000000,-0.00218213
2016-07-07,-0.00384936,0.00000000,-0.01346092
2016-07-08,-0.00958117,0.00000000,-0.00725863
2016-07-11,0.01031625,0.00000000,0.01821354
2016-07-12,-0.00355298,0.00000000,-0.01461246
2016-07-13,-0.01567097,0.00000000,-0.02221005
2016-07-14,0.00667601,0.00000000,-0.00361536
2016-07-15,-0.00441948,0.00000000,-0.00502403
2016-07-18,-0.00004181,0.00000000,-0.00440609
2016-07-19,0.00593418,0.00000000,-0.00004582
2016-07-20,0.00973715,0.00000000,0.01971432
2016-07-21,-0.00578212,0.00000000,-0.00243866
2016-07-22,0.00877427,0.00000000,0.01672242
2016-07-25,0.01019386,0.00000000,0.00760981
2016-07-26,-0.00437121,0.00000000,-0.00340137
2016-07-27,-0.00866197,0.00000000,-0.01065057
2016-07-28,-0.01670334,0.00000000,-0.01414895
2016-07-29,0.00427552,0.00000000,0.00702328
2016-08-01,0.01078893,0.00000000,0.00393580
2016-08-02,0.02173691,1.00000000,0.02483900
2016-08-03,0.00446483,0.00000000,0.00178440
2016-08-04,-0.00914006,0.00000000,-0.01419536
2016-08-05,-0.00202647,0.00000000,-0.00621255
2016-08-08,-0.00106059,0.00000000,-0.01603167
2016-08-09,-0.00305437,0.00000000,0.00326229
2016-08-10,0.00320863,0.00000000,0.00121786
2016-08-11,0.01845535,0.00000000,0.00753764
2016-08-12,0.01353200,0.00000000,0.00606894
2016-08-15,0.01323973,0.00000000,0.02239776
2016-08-16,-0.00037448,0.00000000,0.00083117
2016-08-17,0.00879100,0.00000000,0.01968889
2016-08-18,-0.00017296,0.00000000,0.00193290
2016-08-19,0.00539083,1.00000000,0.00463602
2016-08-22,0.00821578,0.00000000,0.00415672
2016-08-23,0.00987329,0.00000000,0.01013377
2016-08-24,-0.00248830,0.00000000,0.00453268
2016-08-25,-0.00410184,0.00000000,-0.00257562
2016-08-26,-0.00227636,0.00000000,-0.01061888
2016-08-29,0.00139260,0.00000000,0.00346281
2016-08-30,0.01851154,0.00000000,0.01168392
2016-08-31,0.00590946,0.00000000,0.01060071
2016-09-01,0.00539957,0.00000000,0.00353585
2016-09-02,0.01190404,0.00000000,0.01335893
2016-09-05,0.00319385,0.00000000,0.00081596
2016-09-06,-0.00205599,0.00000000,0.00577121
2016-09-07,0.00888535,0.00000000,0.00690789
2016-09-08,-0.00305575,0.00000000,-0.01418002
2016-09-09,-0.00006217,0.00000000,0.00497417
2016-09-12,0.00610995,0.00000000,-0.00424560
2016-09-13,0.00139142,0.00000000,-0.00866746
2016-09-14,0.00979167,0.00000000,0.00297166
2016-09-15,-0.01419480,0.00000000,-0.00767114
2016-09-16,0.00034487,0.00000000,-0.00523216
2016-09-19,0.00223865,0.00000000,-0.00513638
2016-09-20,-0.00118467,0.00000000,0.00674944
2016-09-21,0.00619049,0.00000000,0.00756612
2016-09-22,0.00370238,0.00000000,-0.00008639
2016-09-23,0.01136522,0.00000000,0.01820710
2016-09-26,0.00202790,1.00000000,0.00184570
2016-09-27,0.01098814,0.00000000,0.00291541
2016-09-28,-0.00753489,0.00000000,-0.01008249
2016-09-29,-0.00472623,1.00000000,-0.01616721
2016-09-30,0.00811080,0.00000000,0.00583599
2016-10-03,0.00402694,0.00000000,0.00089803
2016-10-04,-0.00001076,0.00000000,-0.00687145
2016-10-05,-0.00007231,0.00000000,-0.00147147
2016-10-06,0.00821192,0.00000000,0.00156001
2016-10-07,-0.00031218,0.00000000,-0.00025488
2016-10-10,0.00160518,0.00000000,0.00813617
2016-10-11,-0.01570507,0.00000000,-0.00717809
2016-10-12,0.00842957,0.00000000,0.00292722
2016-10-13,-0.00505512,0.00000000,0.00596639
2016-10-14,0.00096574,0.00000000,0.00183964
2016-10-17,-0.00861153,0.00000000,-0.01111816
2016-10-18,-0.00751378,0.00000000,0.00285437
2016-10-19,0.01673427,0.00000000,0.01905138
2016-10-20,0.01135628,0.00000000,0.00559494
2016-10-21,0.00153003,0.00000000,0.00204877
2016-10-24,0.01198519,0.00000000,0.01945200
2016-10-25,0.00181334,0.00000000,-0.00321283
2016-10-26,-0.01498219,0.00000000,-0.01553154
2016-10-27,-0.00687231,0.00000000,-0.00015523
2016-10-28,-0.00553750,0.00000000,-0.00913466
2016-10-31,0.00325681,0.00000000,0.00277824
2016-11-01,-0.00643915,0.00000000,-0.00625998
2016-11-02,0.00172150,0.00000000,-0.00788994
2016-11-03,0.01057881,0.00000000,0.01739763
2016-11-04,0.01591133,0.00000000,0.01226405
2016-11-07,0.01194211,0.00000000,0.00955557
2016-11-08,0.00560339,0.00000000,0.00295745
2016-11-09,0.00615489,0.00000000,-0.00124840
2016-11-10,0.00217952,0.00000000,0.00813060
2016-11-11,0.00964992,0.00000000,-0.00434236
2016-11-14,-0.00473944,0.00000000,0.00286171
2016-11-15,0.01473064,0.00000000,0.01520162
2016-11-16,0.00456367,0.00000000,-0.00119645
2016-11-17,0.01611961,0.00000000,0.00337378
2016-11-18,-0.00334325,0.00000000,0.00347030
2016-11-21,-0.01237944,0.00000000,-0.01229931
2016-11-22,0.02741526,0.00000000,0.01413421
2016-11-23,0.00170931,0.00000000,0.00535650
2016-11-24,-0.00135358,0.00000000,0.00045749
2016-11-25,0.01976173,0.00000000,0.02627902
2016-11-28,0.00799382,0.00000000,0.01500139
2016-11-29,0.00198933,0.00000000,0.00697132
2016-11-30,-0.00478348,0.00000000,-0.00803623
2016-12-01,0.00538019,0.00000000,0.00633108
2016-12-02,-0.01350673,0.00000000,-0.01360500
2016-12-05,0.00363013,0.00000000,0.01697337
2016-12-06,-0.00771797,0.00000000,-0.01589635
2016-12-07,0.00813414,0.00000000,0.01403121
2016-12-08,-0.00421947,0.00000000,-0.00406197
2016-12-09,-0.01168617,0.00000000,-0.02036818
2016-12-12,-0.00872061,0.00000000,-0.00324260
2016-12-13,-0.00593330,0.00000000,-0.01025548
2016-12-14,-0.00787880,0.00000000,-0.00765743
2016-12-15,-0.00739789,0.00000000,-0.00847430
2016-12-16,-0.00567851,0.00000000,-0.00753404
2016-12-19,-0.00090208,0.00000000,0.01030508
2016-12-20,-0.00448001,0.00000000,-0.00043290
2016-12-21,0.00018346,0.00000000,-0.00632913
2016-12-22,-0.01894918,0.00000000,-0.02280903
2016-12-23,0.00144360,0.00000000,0.00006114
2016-12-26,0.01548109,0.00000000,0.01642446
2016-12-27,-0.00321130,1.00000000,-0.00705871
2016-12-28,-0.00031882,0.00000000,-0.00298703
2016-12-29,-0.01139832,0.00000000,-0.01769125
2016-12-30,0.00564632,0.00000000,0.00336363
2017-01-02,-0.02000093,0.00000000,-0.01474336
2017-01-03,0.00421047,0.00000000,0.00009430
2017-01-04,-0.00221166,0.00000000,-0.00364833
2017-01-05,-0.00696625,0.00000000,-0.00541842
2017-01-06,0.00059670,0.00000000,0.00197994
2017-01-09,-0.00898532,0.00000000,-0.00268429
2017-01-10,-0.00321298,0.00000000,-0.00985115
2017-01-11,0.00916889,0.00000000,0.00270799
2017-01-12,0.01194079,0.00000000,-0.00174348
2017-01-13,-0.01186619,0.00000000,-0.01916479
2017-01-16,0.00596165,0.00000000,-0.01323314
2017-01-17,0.01344063,0.00000000,0.00344335
2017-01-18,0.00373049,0.00000000,-0.00790638
2017-01-19,-0.01245166,0.00000000,-0.04191576
2017-01-20,0.00669099,0.00000000,0.01515581
2017-01-23,0.00057822,0.00000000,-0.00023168
2017-01-24,0.00927796,0.00000000,0.00297554
2017-01-25,-0.00550801,0.00000000,-0.00039519
2017-01-26,-0.00065190,1.00000000,0.00558064
2017-01-27,-0.00789917,0.00000000,-0.00918704
2017-01-30,0.00012484,0.00000000,-0.00333375
2017-01-31,-0.02191125,0.00000000,-0.02063473
2017-02-01,0.01514284,0.00000000,0.01374265
2017-02-02,0.00992986,0.00000000,0.00179819
2017-02-03,-0.00898349,0.00000000,-0.01830324
2017-02-06,-0.00441009,0.00000000,0.00144759
2017-02-07,0.00084399,0.00000000,-0.01528987
2017-02-08,0.00433981,0.00000000,-0.00440285
2017-02-09,0.00315283,0.00000000,0.00007798
2017-02-10,0.00921152,0.00000000,0.01003977
2017-02-13,-0.00494968,0.00000000,-0.01224945
2017-02-14,-0.00539929,0.00000000,-0.00314293
2017-02-15,-0.01485455,0.00000000,0.00178819
2017-02-16,0.00640657,0.00000000,0.00611073
2017-02-17,0.01233160,0.00000000,0.00561046
2017-02-20,0.00096837,0.00000000,0.00581617
2017-02-21,0.00454728,0.00000000,0.00058156
2017-02-22,0.00606456,0.00000000,0.00528071
2017-02-23,0.00222542,0.00000000,-0.00506215
2017-02-24,-0.00260887,0.00000000,0.00395059
2017-02-27,-0.00573325,0.00000000,-0.02027801
2017-02-28,0.00290763,0.00000000,0.00726565
2017-03-01,0.00808237,0.00000000,0.00619939
2017-03-02,0.01208746,0.00000000,0.01029355
2017-03-03,-0.00177444,0.00000000,0.00179169
2017-03-06,-0.00601571,0.00000000,-0.00758976
2017-03-07,-0.00118857,0.00000000,0.00152204
2017-03-08,0.02134762,0.00000000,0.02220958
2017-03-09,-0.00554906,0.00000000,0.00432247
2017-03-10,-0.02592629,0.00000000,-0.01737469
2017-03-13,0.00188913,0.00000000,0.00052478
2017-03-14,-0.00849346,0.00000000,-0.00981787
2017-03-15,0.00189864,0.00000000,-0.00793957
2017-03-16,-0.01030187,0.00000000,-0.00560577
2017-03-17,0.01741955,0.00000000,0.01747377
2017-03-20,0.00598618,0.00000000,-0.00257895
2017-03-21,-0.00627147,1.00000000,0.00010821
2017-03-22,0.00077360,0.00000000,0.00606599
2017-03-23,0.00845833,0.00000000,0.00700483
2017-03-24,0.00519128,0.00000000,0.00279570
2017-03-27,0.01052533,0.00000000,0.02048374
2017-03-28,0.00080955,0.00000000,0.01270304
2017-03-29,-0.01471415,0.00000000,0.00209835
2017-03-30,-0.00181153,0.00000000,-0.00791161
2017-03-31,0.00823688,0.00000000,0.01209944
2017-04-03,0.00415411,0.00000000,0.01427930
2017-04-04,0.00567902,0.00000000,0.01590344
2017-04-05,-0.00200373,0.00000000,-0.00004806
2017-04-06,-0.00073026,0.00000000,-0.00489834
2017-04-07,-0.00593296,0.00000000,-0.01635135
2017-04-10,0.00595842,0.00000000,0.00360170
2017-04-11,-0.00283671,0.00000000,-0.00669439
2017-04-12,0.00326951,0.00000000,0.01448547
2017-04-13,0.00385870,0.00000000,-0.00122275
2017-04-14,-0.01086018,0.00000000,-0.01459293
2017-04-17,0.01118833,0.00000000,0.02295871
2017-04-18,-0.00887832,0.00000000,-0.01460285
2017-04-19,-0.00882774,0.00000000,-0.01580046
2017-04-20,-0.00400886,0.00000000,-0.01060738
2017-04-21,0.01500993,0.00000000,0.01022779
2017-04-24,0.01638133,0.00000000,0.01120688
2017-04-25,0.00844548,0.00000000,0.00062283
2017-04-26,-0.00166857,0.00000000,0.00878312
2017-04-27,-0.00056132,0.00000000,-0.00107922
2017-04-28,0.01470181,0.00000000,0.00950174
2017-05-01,0.00097543,0.00000000,-0.00194806
2017-05-02,0.00096235,0.00000000,0.00831527
2017-05-03,0.00383529,0.00000000,-0.00379033
2017-05-04,0.00821087,0.00000000,0.00562187
2017-05-05,-0.00795385,0.00000000,-0.01315814
2017-05-08,0.00833918,0.00000000,0.00286084
2017-05-09,0.00340911,0.00000000,0.00065810
2017-05-10,-0.01137789,0.00000000,-0.01497356
2017-05-11,0.00469161,0.00000000,-0.00917348
2017-05-12,-0.00669535,0.00000000,0.00452972
2017-05-15,0.00339291,0.00000000,0.01316750
2017-05-16,-0.00288912,0.00000000,-0.00203137
2017-05-17,0.00357770,0.00000000,0.01773974
2017-05-18,0.00230625,0.00000000,-0.00775378
2017-05-19,0.00223880,0.00000000,-0.00700730
2017-05-22,-0.01899269,0.00000000,-0.01668427
2017-05-23,-0.00305248,0.00000000,-0.00020223
2017-05-24,0.00302742,0.00000000,0.00009426
2017-05-25,-0.00973421,0.00000000,-0.01124643
2017-05-26,0.01279119,0.00000000,0.00494425
2017-05-29,-0.01500222,0.00000000,-0.01001713
2017-05-30,0.00824242,0.00000000,0.00839200
2017-05-31,0.00253856,0.00000000,-0.00507721
2017-06-01,0.00455062,0.00000000,0.00303174
2017-06-02,-0.00477659,0.00000000,-0.01197937
2017-06-05,0.00337694,0.00000000,0.01669982
2017-06-06,0.00460360,0.00000000,0.00606647
2017-06-07,-0.00417175,0.00000000,-0.02246204
2017-06-08,0.00021110,0.00000000,-0.00189879
2017-06-09,0.00998828,0.00000000,0.00776956
2017-06-12,0.01842277,0.00000000,0.02420691
2017-06-13,0.00714138,0.00000000,0.00072832
2017-06-14,0.00029186,0.00000000,0.00996317
2017-06-15,-0.01039027,0.00000000,-0.00295631
2017-06-16,0.00708662,0.00000000,0.01394683
2017-06-19,-0.00530011,0.00000000,-0.01797974
2017-06-20,0.00078451,1.00000000,-0.00244362
2017-06-21,0.00875408,0.00000000,0.00022307
2017-06-22,-0.00050872,0.00000000,-0.00375972
2017-06-23,0.00949684,0.00000000,0.00719922
2017-06-26,-0.01289672,0.00000000,-0.01450965
2017-06-27,0.00449228,0.00000000,0.00836267
2017-06-28,0.00301859,0.00000000,-0.00210691
2017-06-29,-0.00346642,0.00000000,-0.00883771
2017-06-30,-0.01927939,1.00000000,-0.00881535
2017-07-03,-0.00308071,0.00000000,-0.01235232
2017-07-04,-0.00289811,0.00000000,-0.00525749
2017-07-05,0.00760048,0.00000000,0.00317879
2017-07-06,0.01046537,0.00000000,0.01476084
2017-07-07,-0.00757356,0.00000000,-0.00830589
2017-07-10,-0.00842093,0.00000000,-0.01047149
2017-07-11,-0.00235068,0.00000000,-0.00278174
2017-07-12,-0.00601586,0.00000000,-0.01616385
2017-07-13,0.00660113,0.00000000,0.00612636
2017-07-14,-0.00417159,0.00000000,-0.01020205
2017-07-17,-0.01576086,0.00000000,-0.02230260
2017-07-18,-0.01211643,0.00000000,-0.00074013
2017-07-19,0.00203017,0.00000000,0.00603306
2017-07-20,0.00015303,0.00000000,0.00434474
2017-07-21,0.00579514,0.00000000,0.00946549
2017-07-24,0.00541971,0.00000000,0.00115304
2017-07-25,-0.00526508,0.00000000,0.00356599
2017-07-26,0.00217776,0.00000000,0.00173070
2017-07-27,0.00602429,0.00000000,0.00368465
2017-07-28,0.01378352,0.00000000,0.00355057
2017-07-31,0.00047857,0.00000000,0.00471935
2017-08-01,-0.01957733,0.00000000,-0.02672998
2017-08-02,-0.00475041,0.00000000,-0.01195584
2017-08-03,-0.01143977,0.00000000,-0.01873078
2017-08-04,-0.00169957,0.00000000,0.00345913
2017-08-07,0.00252744,0.00000000,0.00155937
2017-08-08,0.00116676,0.00000000,0.00077548
2017-08-09,-0.00395287,0.00000000,-0.01326005
2017-08-10,0.00580417,0.00000000,0.01225647
2017-08-11,-0.00470885,0.00000000,-0.01675505
2017-08-14,-0.00238129,0.00000000,0.00290460
2017-08-15,-0.00125012,0.00000000,0.00411752
2017-08-16,0.00564788,0.00000000,0.00541545
2017-08-17,0.00678180,0.00000000,0.00820203
2017-08-18,0.00286750,0.00000000,0.00953219
2017-08-21,0.00578613,0.00000000,-0.00340671
2017-08-22,-0.00213031,0.00000000,-0.01138933
2017-08-23,-0.01435838,0.00000000,-0.00723835
2017-08-24,-0.00103049,0.00000000,-0.00142416
2017-08-25,-0.01345211,0.00000000,-0.01715091
2017-08-28,-0.01075994,0.00000000,-0.01632547
2017-08-29,-0.00387559,0.00000000,-0.00052658
2017-08-30,-0.00367108,0.00000000,-0.00554571
2017-08-31,-0.00440177,0.00000000,0.00079875
2017-09-01,0.00666639,0.00000000,-0.00124538
2017-09-04,0.00102218,0.00000000,0.00889896
2017-09-05,0.00290172,0.00000000,0.00131301
2017-09-06,-0.00015582,0.00000000,-0.00507332
2017-09-07,-0.00954987,0.00000000,-0.00965780
2017-09-08,-0.00187003,0.00000000,0.00268100
2017-09-11,-0.00769297,0.00000000,-0.00325447
2017-09-12,-0.00068296,0.00000000,-0.00933231
2017-09-13,0.00047475,0.00000000,0.00043983
2017-09-14,-0.00151824,0.00000000,-0.00644580
2017-09-15,0.00363202,0.00000000,0.00043384
2017-09-18,0.00210379,0.00000000,-0.00448190
2017-09-19,0.00005611,0.00000000,0.00596122
2017-09-20,0.00100456,0.00000000,-0.00927481
2017-09-21,-0.00800354,0.00000000,-0.00288895
2017-09-22,0.00855844,0.00000000,0.00952987
2017-09-25,-0.01335199,0.00000000,-0.00068611
2017-09-26,0.01438564,0.00000000,0.02396663
2017-09-27,-0.01754462,0.00000000,-0.01974563
2017-09-28,0.00648524,0.00000000,0.00171068
2017-09-29,-0.00518026,1.00000000,-0.01830922
2017-10-02,-0.01097279,0.00000000,-0.01030594
2017-10-03,-0.00110931,0.00000000,0.00014392
2017-10-04,-0.00048575,0.00000000,0.01298943
2017-10-05,0.00966116,0.00000000,0.01207017
2017-10-06,-0.01834766,0.00000000,-0.01882141
2017-10-09,-0.00768874,0.00000000,-0.00330378
2017-10-10,-0.00210435,0.00000000,-0.00086260
2017-10-11,-0.00202490,0.00000000,0.00467988
2017-10-12,0.00686828,0.00000000,0.01103903
2017-10-13,-0.00555907,0.00000000,-0.00847287
2017-10-16,-0.00946051,0.00000000,-0.00982627
2017-10-17,-0.00427756,1.00000000,-0.01887852
2017-10-18,0.00772442,0.00000000,0.00428441
2017-10-19,0.00262814,1.00000000,0.00899319
2017-10-20,-0.01394700,0.00000000,-0.01384822
2017-10-23,0.01997546,0.00000000,-0.00392363
2017-10-24,-0.00416280,0.00000000,-0.00306416
2017-10-25,0.00153038,0.00000000,0.00204985
2017-10-26,0.00033053,0.00000000,0.00570969
2017-10-27,-0.00547176,0.00000000,-0.01208044
2017-10-30,0.00042357,0.00000000,0.00065385
2017-10-31,-0.00417204,1.00000000,0.00244434
2017-11-01,0.00679733,0.00000000,0.00105090
2017-11-02,0.00596452,0.00000000,-0.00823776
2017-11-03,0.01325758,0.00000000,0.01618144
2017-11-06,-0.00290628,0.00000000,0.01224143
2017-11-07,-0.00474791,0.00000000,-0.00638857
2017-11-08,-0.00215613,0.00000000,-0.00643246
2017-11-09,0.00350713,0.00000000,0.00117684
2017-11-10,0.01312241,0.00000000,0.01187565
2017-11-13,0.00214986,0.00000000,0.00262847
2017-11-14,0.00722311,0.00000000,0.00231697
2017-11-15,0.00896771,0.00000000,0.00172981
2017-11-16,0.00148464,0.00000000,-0.00358358
2017-11-17,0.00466019,0.00000000,0.01660412
2017-11-20,0.01668304,0.00000000,0.02842114
2017-11-21,-0.00246785,0.00000000,-0.00835983
2017-11-22,-0.00225085,0.00000000,0.00036135
2017-11-23,0.00678548,0.00000000,-0.00366235
2017-11-24,-0.01079257,0.00000000,-0.00462643
2017-11-27,-0.00035071,0.00000000,-0.00124808
2017-11-28,0.01316636,0.00000000,0.01856805
2017-11-29,0.00078935,0.00000000,-0.00851636
2017-11-30,-0.00218214,0.00000000,-0.00252862
2017-12-01,-0.00937946,0.00000000,-0.00827664
2017-12-04,0.00513716,0.00000000,0.00035929
2017-12-05,0.00554497,0.00000000,0.01172215
2017-12-06,0.00083763,0.00000000,-0.00615908
2017-12-07,0.01256485,1.00000000,0.01548605
2017-12-08,0.00947368,0.00000000,0.01666357
2017-12-11,-0.00018375,0.00000000,0.01105260
2017-12-12,-0.00748635,0.00000000,0.00696507
2017-12-13,-0.00015966,0.00000000,0.01296098
2017-12-14,0.01149583,0.00000000,0.01886178
2017-12-15,-0.00823475,0.00000000,-0.00321898
2017-12-18,-0.00152246,0.00000000,-0.00444603
2017-12-19,-0.00385785,0.00000000,-0.00016024
2017-12-20,-0.01482394,0.00000000,-0.01635892
2017-12-21,0.00375650,0.00000000,0.01155418
2017-12-22,-0.01618366,0.00000000,-0.01808435
2017-12-25,-0.00779264,0.00000000,-0.00794977
2017-12-26,0.00029068,0.00000000,-0.00575017
2017-12-27,0.00219744,0.00000000,0.00313062
2017-12-28,-0.00641548,0.00000000,-0.00190104
2017-12-29,0.01162134,0.00000000,0.02216747
2018-01-01,0.01090609,0.00000000,0.00404094
2018-01-02,0.01296126,0.00000000,0.01317572
2018-01-03,0.01513743,0.00000000,0.02227647
2018-01-04,-0.00669699,0.00000000,-0.01153969
2018-01-05,0.00257250,0.00000000,-0.00558862
2018-01-08,0.00758801,0.00000000,0.02392238
2018-01-09,-0.00667850,0.00000000,-0.00022619
2018-01-10,-0.01068327,0.00000000,-0.01141985
2018-01-11,0.00517635,0.00000000,0.00821197
2018-01-12,0.00044211,0.00000000,-0.00805519
2018-01-15,0.01118098,0.00000000,0.00735791
2018-01-16,-0.00851462,0.00000000,-0.02687850
2018-01-17,-0.00266529,0.00000000,0.00227723
2018-01-18,-0.00718595,1.00000000,-0.00672965
2018-01-19,0.00124006,0.00000000,0.00104166
2018-01-22,-0.01238482,0.00000000,-0.00609384
2018-01-23,0.01715989,0.00000000,0.01284762
2018-01-24,-0.00605437,0.00000000,-0.01609170
2018-01-25,0.01406535,0.00000000,0.00881486
2018-01-26,0.00024118,0.00000000,-0.00521019
2018-01-29,-0.00493918,0.00000000,-0.01555427
2018-01-30,0.01314543,0.00000000,0.01075661
2018-01-31,0.00341192,0.00000000,0.00909625
2018-02-01,-0.00467067,0.00000000,0.00066059
2018-02-02,0.00564055,0.00000000,-0.00274818
2018-02-05,0.00097882,0.00000000,-0.00061354
2018-02-06,-0.00317494,0.00000000,-0.00817357
2018-02-07,0.00017298,0.00000000,0.01233671
2018-02-08,0.00173704,0.00000000,0.01177215
2018-02-09,-0.00550958,0.00000000,-0.00751249
2018-02-12,0.00772178,0.00000000,0.01434883
2018-02-13,0.00909029,0.00000000,0.01550903
2018-02-14,-0.00156078,0.00000000,0.00074308
2018-02-15,0.00713188,0.00000000,0.00042516
2018-02-16,0.01456435,0.00000000,0.01144192
2018-02-19,0.01401865,0.00000000,0.02633508
2018-02-20,0.00434133,0.00000000,0.00126951
2018-02-21,-0.00496766,0.00000000,0.00438759
2018-02-22,0.00069789,0.00000000,0.00442385
2018-02-23,-0.00679962,0.00000000,-0.00479329
2018-02-26,-0.00574338,1.00000000,-0.00225510
2018-02-27,-0.00189085,0.00000000,-0.00034017
2018-02-28,-0.01508408,0.00000000,-0.00655214
2018-03-01,-0.00786879,0.00000000,-0.02009567
2018-03-02,0.00379631,0.00000000,0.01062452
2018-03-05,0.02223005,0.00000000,0.03209888
2018-03-06,-0.00261162,0.00000000,-0.00770364
2018-03-07,0.00622835,0.00000000,0.00651987
2018-03-08,-0.00833807,0.00000000,-0.01230055
2018-03-09,0.01000376,0.00000000,0.01659203
2018-03-12,0.00571724,0.00000000,0.01767335
2018-03-13,0.00544788,0.00000000,0.00244099
2018-03-14,0.00379992,0.00000000,-0.00313705
2018-03-15,0.01176399,0.00000000,0.01233624
2018-03-16,-0.00020710,0.00000000,0.00293641
2018-03-19,0.00132537,1.00000000,-0.00300742
2018-03-20,-0.00390463,0.00000000,-0.01650118
2018-03-21,-0.01429105,1.00000000,-0.01727772
2018-03-22,-0.01945896,0.00000000,-0.02564474
2018-03-23,0.01202389,0.00000000,0.02069617
2018-03-26,0.00701314,0.00000000,0.00328697
2018-03-27,0.00302938,0.00000000,0.00567149
2018-03-28,0.02123845,0.00000000,0.01958761
2018-03-29,0.01570416,0.00000000,0.01335054
2018-03-30,0.00495907,0.00000000,0.00726616
2018-04-02,0.00581348,1.00000000,0.01731383
2018-04-03,-0.01036682,0.00000000,-0.01694720
2018-04-04,-0.00719884,0.00000000,0.00155708
2018-04-05,0.00825139,0.00000000,0.00773226
2018-04-06,0.00770738,0.00000000,0.00718388
2018-04-09,0.00151737,0.00000000,0.00228723
2018-04-10,0.01889702,0.00000000,0.00171461
2018-04-11,0.00687555,1.00000000,0.01139360
2018-04-12,0.00252719,0.00000000,-0.00255018
2018-04-13,0.01235547,0.00000000,0.01478338
2018-04-16,0.00142059,0.00000000,-0.00052161
2018-04-17,0.00148884,0.00000000,0.01007334
2018-04-18,-0.00954509,0.00000000,-0.01051752
2018-04-19,-0.01021784,0.00000000,-0.00364382
2018-04-20,-0.00300107,0.00000000,-0.00032660
2018-04-23,0.00284693,0.00000000,-0.01810327
2018-04-24,0.00328765,0.00000000,-0.00105982
2018-04-25,0.00908867,0.00000000,0.00184378
2018-04-26,0.00075353,0.00000000,-0.01122711
2018-04-27,0.00487019,0.00000000,0.00092613
2018-04-30,-0.00953999,0.00000000,-0.01108797
2018-05-01,0.00210250,0.00000000,0.00519458
2018-05-02,0.00204585,0.00000000,0.00022862
2018-05-03,0.00296431,0.00000000,0.00737087
2018-05-04,0.00248131,0.00000000,-0.01143942
2018-05-07,-0.00922220,0.00000000,-0.00108468
2018-05-08,0.01474398,0.00000000,0.01321052
2018-05-09,0.01108567,0.00000000,0.01316907
2018-05-10,0.00464711,0.00000000,0.00293263
2018-05-11,0.00196077,0.00000000,-0.01024835
2018-05-14,-0.00069616,0.00000000,0.00170103
2018-05-15,0.01103127,0.00000000,0.01023744
2018-05-16,-0.00127673,0.00000000,0.00860465
2018-05-17,0.01165849,0.00000000,0.00255043
2018-05-18,0.00572918,0.00000000,-0.00412622
2018-05-21,-0.00594583,0.00000000,-0.00435133
2018-05-22,0.01767663,0.00000000,0.01869102
2018-05-23,0.00485117,0.00000000,0.00882870
2018-05-24,-0.00486189,0.00000000,0.00244007
2018-05-25,-0.00326648,0.00000000,0.00117973
2018-05-28,-0.00789669,0.00000000,-0.01517733
2018-05-29,0.00973281,0.00000000,-0.00567070
2018-05-30,0.01066647,0.00000000,0.00231944
2018-05-31,0.01440559,0.00000000,0.00216405
2018-06-01,-0.01384404,0.00000000,-0.01543750
2018-06-04,-0.00822848,0.00000000,-0.01559586
2018-06-05,-0.01356623,0.00000000,-0.01069126
2018-06-06,0.00273508,0.00000000,0.00452834
2018-06-07,-0.00424410,0.00000000,0.00129581
2018-06-08,0.00982138,0.00000000,-0.00247920
2018-06-11,0.01277094,0.00000000,0.01048551
2018-06-12,0.00293586,0.00000000,-0.00097373
2018-06-13,-0.00261154,0.00000000,0.00417459
2018-06-14,-0.00223623,1.00000000,0.01076157
2018-06-15,-0.00827386,0.00000000,-0.02519415
2018-06-18,-0.00763713,0.00000000,0.00267815
2018-06-19,0.00809063,0.00000000,0.00174927
2018-06-20,-0.00047030,0.00000000,-0.00875268
2018-06-21,0.01237589,0.00000000,0.00883441
2018-06-22,0.01632974,0.00000000,0.01446535
2018-06-25,-0.00839068,0.00000000,-0.00341187
2018-06-26,0.01137397,0.00000000,0.02368375
2018-06-27,0.00539007,0.00000000,-0.00155758
2018-06-28,0.00420643,0.00000000,-0.00351074
2018-06-29,0.00614469,0.00000000,0.01005019
2018-07-02,-0.01274389,0.00000000,-0.00592743
2018-07-03,0.00185325,0.00000000,0.00979908
2018-07-04,-0.00945054,0.00000000,-0.01348881
2018-07-05,0.01065620,0.00000000,0.02054409
2018-07-06,-0.00446277,0.00000000,-0.00072387
2018-07-09,0.00030161,0.00000000,0.00146410
2018-07-10,0.00246310,0.00000000,0.00075319
2018-07-11,0.00511538,0.00000000,0.00564471
2018-07-12,-0.00086131,0.00000000,-0.01534801
2018-07-13,-0.00448092,0.00000000,-0.01774157
2018-07-16,0.00141536,0.00000000,-0.00730054
2018-07-17,-0.00313371,0.00000000,-0.00813886
2018-07-18,-0.01166067,0.00000000,-0.01154259
2018-07-19,-0.00385380,0.00000000,-0.00033406
2018-07-20,-0.00661778,0.00000000,-0.02190006
2018-07-23,0.01242774,0.00000000,0.01510092
2018-07-24,-0.00903659,0.00000000,-0.00284842
2018-07-25,-0.00008501,0.00000000,0.00438099
2018-07-26,0.00051497,0.00000000,-0.00066614
2018-07-27,0.01107449,0.00000000,0.01051697
2018-07-30,0.00900528,0.00000000,0.01653987
2018-07-31,0.00183588,0.00000000,0.00232186
2018-08-01,-0.00916065,0.00000000,-0.01036557
2018-08-02,-0.01425515,0.00000000,0.00434088
2018-08-03,0.00384044,0.00000000,0.00530950
2018-08-06,-0.01223447,0.00000000,-0.01781110
2018-08-07,0.00864271,0.00000000,0.01490172
2018-08-08,-0.01313058,0.00000000,-0.01842121
2018-08-09,0.00037423,0.00000000,-0.00253667
2018-08-10,-0.00581669,0.00000000,0.00219210
2018-08-13,-0.00132823,0.00000000,-0.00002527
2018-08-14,-0.00601931,0.00000000,-0.00793219
2018-08-15,0.00649730,0.00000000,0.00941793
2018-08-16,0.00492390,0.00000000,0.00407508
2018-08-17,0.00049479,0.00000000,0.00859423
2018-08-20,0.00222083,0.00000000,0.00799529
2018-08-21,0.00330404,0.00000000,0.00603175
2018-08-22,0.01008074,0.00000000,0.00835968
2018-08-23,0.00531163,0.00000000,-0.00397745
2018-08-24,0.00138466,0.00000000,-0.01810007
2018-08-27,-0.00682083,0.00000000,0.00137554
2018-08-28,-0.00894519,0.00000000,-0.00400706
2018-08-29,0.01572320,0.00000000,0.01606984
2018-08-30,-0.00229984,0.00000000,-0.00131172
2018-08-31,0.00491318,1.00000000,-0.00691819
2018-09-03,0.01539972,1.00000000,0.01975234
2018-09-04,0.00058134,0.00000000,-0.00506361
2018-09-05,0.01547268,0.00000000,0.01087299
2018-09-06,-0.00795559,0.00000000,0.00813773
2018-09-07,0.00373908,0.00000000,0.00174979
2018-09-10,0.00052521,0.00000000,0.00977471
2018-09-11,-0.00360790,0.00000000,-0.00234902
2018-09-12,-0.00143934,0.00000000,0.00071148
2018-09-13,0.00336889,0.00000000,0.00651805
2018-09-14,-0.00129860,0.00000000,-0.00836959
2018-09-17,-0.01291734,0.00000000,-0.01311882
2018-09-18,0.00830406,0.00000000,0.00395604
2018-09-19,-0.00681477,0.00000000,-0.01379512
2018-09-20,0.00496543,0.00000000,0.00866333
2018-09-21,0.00499875,1.00000000,0.00982713
2018-09-24,-0.00905615,0.00000000,-0.00071804
2018-09-25,0.01344429,0.00000000,0.01045050
2018-09-26,0.00209978,0.00000000,-0.00195467
2018-09-27,-0.00088144,0.00000000,-0.00663501
2018-09-28,-0.01411958,0.00000000,-0.02962802
2018-10-01,-0.00797476,0.00000000,-0.00905027
2018-10-02,-0.01208003,0.00000000,-0.02486136
2018-10-03,-0.00083949,0.00000000,-0.00217822
2018-10-04,0.00516819,0.00000000,0.01351708
2018-10-05,-0.00138976,0.00000000,-0.00171654
2018-10-08,0.00307579,0.00000000,-0.00140277
2018-10-09,0.00353569,0.00000000,0.00297451
2018-10-10,0.01277926,0.00000000,0.00177864
2018-10-11,-0.00046708,0.00000000,-0.00539372
2018-10-12,-0.00532143,0.00000000,-0.00435891
2018-10-15,0.00038157,0.00000000,-0.01279153
2018-10-16,0.02526736,0.00000000,0.02836129
2018-10-17,-0.00405746,0.00000000,-0.00555599
2018-10-18,-0.00482981,0.00000000,-0.01365827
2018-10-19,0.00201523,0.00000000,0.00175333
2018-10-22,0.00393059,0.00000000,-0.00123034
2018-10-23,-0.00237415,0.00000000,0.00718333
2018-10-24,-0.00191181,0.00000000,-0.00563254
2018-10-25,0.00577777,0.00000000,0.01154622
2018-10-26,-0.00620908,0.00000000,-0.00609724
2018-10-29,0.00357892,0.00000000,0.01200071
2018-10-30,-0.01368446,0.00000000,-0.02053913
2018-10-31,-0.00651004,0.00000000,-0.01323229
2018-11-01,-0.00571254,0.00000000,-0.00512901
2018-11-02,0.01110407,0.00000000,0.00152518
2018-11-05,-0.00492245,0.00000000,0.00115382
2018-11-06,-0.00794996,0.00000000,-0.00648277
2018-11-07,0.00110335,0.00000000,-0.00713658
2018-11-08,-0.00463979,0.00000000,-0.02045674
2018-11-09,0.00189718,0.00000000,0.01176205
2018-11-12,0.00394699,0.00000000,0.00744192
2018-11-13,-0.00566546,0.00000000,-0.00420394
2018-11-14,0.00784030,0.00000000,0.01266100
2018-11-15,0.00556626,0.00000000,0.01263638
2018-11-16,-0.00040874,0.00000000,0.00369518
2018-11-19,0.00119354,0.00000000,0.01363329
2018-11-20,0.01398991,0.00000000,0.00559888
2018-11-21,-0.01512522,1.00000000,-0.00635722
2018-11-22,-0.01008609,0.00000000,-0.00810274
2018-11-23,0.00419130,0.00000000,0.00419567
2018-11-26,-0.00318602,0.00000000,-0.00260582
2018-11-27,-0.00644983,0.00000000,-0.00097041
2018-11-28,0.01208201,0.00000000,0.00665820
2018-11-29,0.00522988,0.00000000,0.00426347
2018-11-30,0.00432602,0.00000000,-0.00890816
2018-12-03,0.00476298,0.00000000,0.01313395
2018-12-04,0.00388654,0.00000000,0.00245279
2018-12-05,-0.00216593,0.00000000,0.00519861
2018-12-06,0.00764740,0.00000000,0.00438719
2018-12-07,-0.00602509,1.00000000,-0.00841948
2018-12-10,0.00402637,0.00000000,0.00165563
2018-12-11,-0.01026316,0.00000000,-0.00720901
2018-12-12,0.00258504,0.00000000,0.00602245
2018-12-13,0.00880870,0.00000000,0.00937438
2018-12-14,-0.00669380,0.00000000,-0.00953217
2018-12-17,-0.00325197,0.00000000,-0.00704095
2018-12-18,-0.00497944,0.00000000,-0.00020010
2018-12-19,-0.01431671,0.00000000,-0.01157421
2018-12-20,0.00745995,0.00000000,0.00257830
2018-12-21,0.00222384,0.00000000,-0.00046058
2018-12-24,0.00491642,0.00000000,-0.00881434
2018-12-25,0.00071312,0.00000000,0.02096560
2018-12-26,0.02088873,0.00000000,0.01448089
2018-12-27,0.00155457,0.00000000,0.00379290
2018-12-28,-0.01449042,0.00000000,-0.01025031
2018-12-31,-0.00613771,1.00000000,-0.01557233
2019-01-01,0.01136737,0.00000000,0.00057299
2019-01-02,-0.00208289,0.00000000,-0.00503035
2019-01-03,-0.01500306,0.00000000,-0.01113714
2019-01-04,0.00707764,0.00000000,0.01731685
2019-01-07,-0.00205034,0.00000000,-0.00965038
2019-01-08,0.00559166,0.00000000,0.01295288
2019-01-09,-0.00728330,0.00000000,-0.01914657
2019-01-10,0.00013945,0.00000000,0.00092763
2019-01-11,0.01646261,0.00000000,0.02039333
2019-01-14,-0.00384897,0.00000000,-0.02022376
2019-01-15,-0.00234145,0.00000000,0.00284835
2019-01-16,0.01037967,0.00000000,0.00974442
2019-01-17,0.01094633,0.00000000,0.01052379
2019-01-18,0.00378333,0.00000000,0.01546168
2019-01-21,0.00701186,0.00000000,0.00768209
2019-01-22,-0.00683604,0.00000000,-0.02027579
2019-01-23,0.00146675,0.00000000,-0.00241054
2019-01-24,0.00417607,0.00000000,0.02042529
2019-01-25,0.00748586,0.00000000,0.00305833
2019-01-28,-0.00312663,0.00000000,0.00028585
2019-01-29,0.00749842,0.00000000,0.01901601
2019-01-30,0.01411607,0.00000000,0.01502696
2019-01-31,-0.00692042,0.00000000,-0.00976103
2019-02-01,-0.00976532,0.00000000,-0.01661024
2019-02-04,0.00587985,0.00000000,0.00385943
2019-02-05,-0.00605199,0.00000000,-0.01672231
2019-02-06,-0.00080962,0.00000000,-0.00594328
2019-02-07,-0.00075264,0.00000000,-0.01470822
2019-02-08,0.01389985,0.00000000,0.01714250
2019-02-11,0.01332674,0.00000000,0.01132576
2019-02-12,-0.00078216,0.00000000,0.00911922
2019-02-13,-0.00761685,0.00000000,-0.01204640
2019-02-14,-0.01067399,0.00000000,-0.00918249
2019-02-15,0.00671760,0.00000000,0.01011785
2019-02-18,0.01403878,0.00000000,0.00722780
2019-02-19,0.00649957,0.00000000,0.00821800
2019-02-20,-0.00888156,0.00000000,-0.01496058
2019-02-21,-0.00200148,1.00000000,0.00023335
2019-02-22,-0.00265284,0.00000000,-0.01362282
2019-02-25,-0.01298799,1.00000000,-0.01418404
2019-02-26,-0.01202275,0.00000000,-0.01062184
2019-02-27,0.00632533,0.00000000,0.01359392
2019-02-28,-0.00822650,0.00000000,-0.00993350
2019-03-01,0.01131764,0.00000000,0.00343100
2019-03-04,0.00235900,0.00000000,0.00970622
2019-03-05,0.00168488,0.00000000,-0.00218019
2019-03-06,-0.00695885,0.00000000,-0.00266849
2019-03-07,-0.00717423,0.00000000,-0.01767572
2019-03-08,0.00672388,0.00000000,0.00429217
2019-03-11,-0.00284387,0.00000000,0.00940772
2019-03-12,0.00550049,0.00000000,-0.00227527
2019-03-13,0.00013093,0.00000000,-0.00012551
2019-03-14,0.00275391,0.00000000,0.00173828
2019-03-15,0.01058566,0.00000000,0.01759738
2019-03-18,0.00756157,0.00000000,0.00950689
2019-03-19,0.00029560,0.00000000,0.00572146
2019-03-20,0.00579704,0.00000000,0.00366665
2019-03-21,-0.00521427,0.00000000,-0.00573417
2019-03-22,0.01322333,1.00000000,0.01631583
2019-03-25,-0.00540449,0.00000000,-0.00856630
2019-03-26,0.00154323,0.00000000,0.00320863
2019-03-27,-0.00853528,0.00000000,0.00051723
2019-03-28,0.01439132,0.00000000,0.00877264
2019-03-29,-0.00207106,0.00000000,-0.00325755
2019-04-01,-0.00413651,0.00000000,-0.00036431
2019-04-02,-0.00104593,0.00000000,0.00490539
2019-04-03,0.00288705,0.00000000,-0.00124232
2019-04-04,0.01444823,0.00000000,0.01562155
2019-04-05,0.00549612,0.00000000,0.00095789
2019-04-08,0.01503991,0.00000000,0.01137926
2019-04-09,0.00575568,1.00000000,0.01406421
2019-04-10,0.00673771,0.00000000,0.01247189
2019-04-11,-0.01706656,0.00000000,-0.01893360
2019-04-12,0.00581035,0.00000000,0.00098645
2019-04-15,-0.00331230,0.00000000,0.00393246
2019-04-16,0.01730069,0.00000000,0.02257753
2019-04-17,0.01737421,0.00000000,0.02517614
2019-04-18,0.01578465,0.00000000,0.02331502
2019-04-19,0.00350226,0.00000000,0.00637256
2019-04-22,-0.01032676,0.00000000,-0.01205138
2019-04-23,0.00101814,0.00000000,0.01131342
2019-04-24,0.00051500,0.00000000,-0.00180955
2019-04-25,-0.00693572,0.00000000,-0.00859537
2019-04-26,0.01598232,0.00000000,0.01454153
2019-04-29,0.00560932,0.00000000,0.01925647
2019-04-30,-0.00964059,0.00000000,-0.00569914
2019-05-01,0.00508341,0.00000000,0.00152894
2019-05-02,-0.00118041,0.00000000,-0.00215917
2019-05-03,-0.02548528,0.00000000,-0.02691463
2019-05-06,-0.00123328,0.00000000,0.00251893
2019-05-07,-0.00773213,0.00000000,-0.01756243
2019-05-08,0.00480559,0.00000000,-0.00033834
2019-05-09,-0.00962658,0.00000000,0.00627758
2019-05-10,0.01412207,0.00000000,0.01804127
2019-05-13,0.00183582,0.00000000,0.00330840
2019-05-14,-0.00153123,0.00000000,0.00005218
2019-05-15,-0.00188120,0.00000000,0.00112729
2019-05-16,0.00446036,0.00000000,0.01095693
2019-05-17,-0.01692300,0.00000000,-0.03805671
2019-05-20,0.00814179,0.00000000,0.00565916
2019-05-21,-0.00002373,0.00000000,0.00489832
2019-05-22,-0.00705885,0.00000000,-0.01155600
2019-05-23,0.01332079,0.00000000,0.00978067
2019-05-24,0.00181756,0.00000000,0.00880574
2019-05-27,-0.01292930,0.00000000,-0.01877567
2019-05-28,-0.00552679,0.00000000,-0.00179060
2019-05-29,-0.00166216,1.00000000,-0.00319852
2019-05-30,0.00322572,0.00000000,-0.00265752
2019-05-31,-0.00691267,0.00000000,-0.02381426
2019-06-03,-0.00251348,0.00000000,-0.00611955
2019-06-04,-0.00298619,0.00000000,0.00082073
2019-06-05,-0.01320183,0.00000000,-0.00792244
2019-06-06,0.00478230,0.00000000,-0.00027492
2019-06-07,0.00958962,0.00000000,-0.00089890
2019-06-10,-0.00951754,0.00000000,-0.00571569
2019-06-11,-0.00256692,0.00000000,-0.01585933
2019-06-12,-0.00014829,0.00000000,0.00162636
2019-06-13,0.01659272,0.00000000,0.00824126
2019-06-14,0.01037942,0.00000000,0.01183460
2019-06-17,0.01400124,0.00000000,0.01131239
2019-06-18,-0.00545816,0.00000000,-0.01326815
2019-06-19,0.00765189,0.00000000,0.00488726
2019-06-20,-0.01878129,0.00000000,-0.01626156
2019-06-21,-0.00120761,0.00000000,-0.00152011
2019-06-24,0.01153260,0.00000000,0.01342054
2019-06-25,0.00476335,0.00000000,-0.01065921
2019-06-26,-0.00091107,0.00000000,-0.01040947
2019-06-27,-0.00595169,1.00000000,-0.01115233
2019-06-28,-0.02131460,0.00000000,-0.01359692
2019-07-01,0.01251224,0.00000000,0.00819588
2019-07-02,-0.01832875,0.00000000,-0.02654233
2019-07-03,0.00259983,0.00000000,-0.00296550
2019-07-04,0.00045029,0.00000000,0.01054695
2019-07-05,0.00641098,0.00000000,-0.00772472
2019-07-08,0.01289537,0.00000000,0.01715937
2019-07-09,0.01695684,0.00000000,0.01759358
2019-07-10,0.00006830,0.00000000,-0.00458040
2019-07-11,0.00219991,0.00000000,0.01058444
2019-07-12,0.01103935,0.00000000,0.01861575
2019-07-15,0.01330054,1.00000000,0.02087843
2019-07-16,0.00224046,0.00000000,-0.00019384
2019-07-17,-0.00135124,0.00000000,0.00000942
2019-07-18,0.00488098,0.00000000,0.00516411
2019-07-19,-0.00919690,0.00000000,-0.00400501
2019-07-22,-0.00244681,0.00000000,-0.00452643
2019-07-23,-0.00829784,0.00000000,-0.00462986
2019-07-24,0.00415811,0.00000000,0.00219248
2019-07-25,0.01653317,0.00000000,0.02135554
2019-07-26,-0.00209570,0.00000000,0.00237570
2019-07-29,-0.00925553,0.00000000,-0.00931294
2019-07-30,0.00813160,0.00000000,0.01268508
2019-07-31,-0.00137508,0.00000000,-0.00202361
2019-08-01,0.01044426,0.00000000,0.00901332
2019-08-02,0.00109379,0.00000000,-0.00674397
2019-08-05,0.01160746,0.00000000,0.00515323
2019-08-06,0.00285331,0.00000000,-0.00357365
2019-08-07,0.00106445,0.00000000,0.00173605
2019-08-08,0.00549793,0.00000000,-0.01294196
2019-08-09,0.00902497,0.00000000,0.00786589
2019-08-12,0.01048306,0.00000000,0.01305540
2019-08-13,0.00307256,0.00000000,-0.00451642
2019-08-14,0.00212674,0.00000000,-0.00466688
2019-08-15,-0.00186658,1.00000000,0.01544211
2019-08-16,-0.02873393,0.00000000,-0.03388272
2019-08-19,0.01262213,0.00000000,0.02644838
2019-08-20,0.00220531,0.00000000,0.00821993
2019-08-21,-0.00153722,0.00000000,0.00359424
2019-08-22,-0.00413753,0.00000000,-0.00272611
2019-08-23,0.01263247,0.00000000,0.01269348
2019-08-26,0.00319624,0.00000000,0.00079226
2019-08-27,0.00173210,0.00000000,-0.00211600
2019-08-28,0.01318539,0.00000000,0.00613065
2019-08-29,0.00174990,0.00000000,-0.00089943
2019-08-30,-0.00026559,0.00000000,-0.00141015
2019-09-02,-0.00916945,0.00000000,-0.00987964
2019-09-03,-0.00425487,0.00000000,-0.00986402
2019-09-04,-0.00424232,0.00000000,-0.02185103
2019-09-05,0.00466585,0.00000000,-0.00919495
2019-09-06,0.00571447,0.00000000,-0.00619168
2019-09-09,0.00820013,0.00000000,0.00105117
2019-09-10,0.00393945,0.00000000,0.00254059
2019-09-11,0.00484956,0.00000000,0.00391468
2019-09-12,-0.00910625,0.00000000,-0.00926739
2019-09-13,0.00090418,0.00000000,0.00995402
2019-09-16,0.00523469,0.00000000,0.01154592
2019-09-17,0.00258670,0.00000000,0.00660551
2019-09-18,-0.01431340,0.00000000,-0.01908174
2019-09-19,0.00255959,0.00000000,0.00400086
2019-09-20,-0.01801628,0.00000000,-0.02769249
2019-09-23,-0.00613344,0.00000000,-0.00636229
2019-09-24,0.00114637,0.00000000,0.00331388
2019-09-25,-0.00719093,0.00000000,-0.00244384
2019-09-26,-0.01041673,0.00000000,-0.00271329
2019-09-27,-0.01235603,0.00000000,-0.01036473
2019-09-30,-0.00379687,0.00000000,-0.00045669
2019-10-01,0.00362276,0.00000000,0.00706407
2019-10-02,-0.00403420,0.00000000,0.00307767
2019-10-03,0.00535541,0.00000000,0.00153755
2019-10-04,0.00097747,0.00000000,-0.00415608
2019-10-07,0.00101350,0.00000000,-0.00903917
2019-10-08,0.00436004,0.00000000,0.00436344
2019-10-09,0.00151179,0.00000000,-0.00495238
2019-10-10,0.00110622,0.00000000,0.00208315
2019-10-11,-0.00547973,0.00000000,-0.01512035
2019-10-14,-0.00192190,0.00000000,0.00000559
2019-10-15,-0.00336935,0.00000000,-0.00954266
2019-10-16,0.00538278,0.00000000,0.01328328
2019-10-17,-0.00306859,0.00000000,-0.00061689
2019-10-18,-0.00704698,0.00000000,0.00109319
2019-10-21,0.00107031,1.00000000,0.00060177
2019-10-22,0.00653650,0.00000000,0.00026324
2019-10-23,0.00599701,0.00000000,0.01241162
2019-10-24,-0.00299795,0.00000000,0.00880334
2019-10-25,-0.00742046,0.00000000,-0.00272343
2019-10-28,-0.00697967,0.00000000,-0.02369420
2019-10-29,0.02188729,0.00000000,0.02087242
2019-10-30,-0.00161226,0.00000000,0.00768681
2019-10-31,0.00533499,0.00000000,0.00676240
2019-11-01,0.02286854,0.00000000,0.01749666
2019-11-04,-0.00201317,0.00000000,-0.00240080
2019-11-05,-0.00861502,0.00000000,-0.02690191
2019-11-06,-0.01294359,0.00000000,-0.00904294
2019-11-07,-0.01152447,0.00000000,-0.00984929
2019-11-08,0.00200242,0.00000000,0.00559686
2019-11-11,0.00227847,0.00000000,0.00653458
2019-11-12,-0.00582552,0.00000000,-0.01163277
2019-11-13,0.01002314,0.00000000,0.00893807
2019-11-14,-0.00113286,1.00000000,0.00266390
2019-11-15,0.00693498,0.00000000,0.01224785
2019-11-18,0.00059001,0.00000000,-0.00352915
2019-11-19,-0.01054841,0.00000000,-0.00598956
2019-11-20,0.00378209,0.00000000,0.00492382
2019-11-21,0.00811796,0.00000000,0.00074059
2019-11-22,-0.00278935,0.00000000,-0.01051941
2019-11-25,-0.01496880,0.00000000,-0.01757425
2019-11-26,-0.00321427,0.00000000,-0.00303418
2019-11-27,0.01461703,0.00000000,0.01040513
2019-11-28,-0.00387373,1.00000000,0.00484077
2019-11-29,0.01462891,0.00000000,0.00501746
2019-12-02,-0.00476091,0.00000000,-0.00668724
2019-12-03,0.01120813,0.00000000,0.00512931
2019-12-04,-0.00524058,0.00000000,-0.01101370
2019-12-05,0.01600960,0.00000000,0.01731816
2019-12-06,-0.00616602,0.00000000,-0.01719617
2019-12-09,0.00551997,0.00000000,-0.00675218
2019-12-10,0.01057282,0.00000000,0.00240139
2019-12-11,0.00454531,0.00000000,0.01388914
2019-12-12,-0.00269700,0.00000000,-0.01402164
2019-12-13,-0.00544874,0.00000000,0.00269828
2019-12-16,-0.02037126,0.00000000,-0.03080270
2019-12-17,0.00139453,0.00000000,0.00201335
2019-12-18,-0.01015449,0.00000000,-0.00499990
2019-12-19,-0.00311407,0.00000000,0.00166481
2019-12-20,0.01766422,0.00000000,0.00831246
2019-12-23,-0.00263348,0.00000000,-0.00936323
2019-12-24,0.01014555,0.00000000,-0.00031608
2019-12-25,-0.00814470,0.00000000,-0.01729892
2019-12-26,-0.00827016,0.00000000,-0.01256429
2019-12-27,0.00243268,0.00000000,0.00503392
2019-12-30,-0.00435769,0.00000000,-0.01251765
2019-12-31,-0.01375915,0.00000000,-0.01253160
2020-01-01,-0.01408956,0.00000000,-0.01680325
2020-01-02,0.01555075,0.00000000,0.00930219
2020-01-03,-0.00188892,0.00000000,-0.01254443
2020-01-06,-0.01283258,0.00000000,-0.01075720
2020-01-07,-0.00222475,0.00000000,0.00294549
2020-01-08,0.00710311,0.00000000,0.00165452
2020-01-09,0.01579858,0.00000000,0.02801266
2020-01-10,-0.00367799,0.00000000,-0.02332765
2020-01-13,-0.01210304,0.00000000,-0.00971810
2020-01-14,0.01413130,0.00000000,0.00387237
2020-01-15,-0.00039289,1.00000000,-0.00484807
2020-01-16,-0.00658927,0.00000000,-0.01481305
2020-01-17,0.00131287,0.00000000,0.01062044
2020-01-20,0.00404662,0.00000000,0.00196679
2020-01-21,-0.00372806,0.00000000,-0.00716465
2020-01-22,0.00045830,0.00000000,0.00122653
2020-01-23,0.01180717,0.00000000,-0.00728691
2020-01-24,-0.00578614,0.00000000,-0.01408559
2020-01-27,0.01115692,0.00000000,0.00490857
2020-01-28,-0.00500928,0.00000000,0.00204107
2020-01-29,0.00635930,0.00000000,0.00409079
2020-01-30,-0.01016536,0.00000000,-0.02275206
2020-01-31,-0.01019269,0.00000000,-0.00978331
2020-02-03,0.00405547,0.00000000,0.00722555
2020-02-04,0.00128502,0.00000000,0.00810056
2020-02-05,-0.00512336,0.00000000,-0.00565478
2020-02-06,-0.00364791,0.00000000,-0.00660262
2020-02-07,0.00790424,0.00000000,0.00068971
2020-02-10,-0.00066856,0.00000000,0.01749931
2020-02-11,0.00066799,0.00000000,0.01054380
2020-02-12,0.01385692,0.00000000,0.01853650
2020-02-13,0.01050385,0.00000000,0.01998017
2020-02-14,0.00215804,0.00000000,-0.00651573
2020-02-17,0.00521661,0.00000000,-0.00617223
2020-02-18,-0.00131228,0.00000000,0.00216059
2020-02-19,0.01337774,0.00000000,0.01006888
2020-02-20,0.00071054,0.00000000,-0.00466587
2020-02-21,-0.00015528,0.00000000,0.01099275
2020-02-24,-0.01206890,0.00000000,-0.01931393
2020-02-25,0.00368884,0.00000000,-0.00470781
2020-02-26,0.00008849,0.00000000,0.01525309
2020-02-27,0.00593622,0.00000000,0.01418660
2020-02-28,0.00637845,0.00000000,-0.00061756
2020-03-02,0.00630169,1.00000000,0.01448729
2020-03-03,0.01005079,0.00000000,-0.00344778
2020-03-04,0.01070552,0.00000000,-0.00257959
2020-03-05,0.00480805,0.00000000,0.00640579
2020-03-06,-0.00825669,0.00000000,-0.00627363
2020-03-09,-0.01672696,0.00000000,-0.01617475
2020-03-10,0.00919825,0.00000000,-0.00177377
2020-03-11,0.01601633,0.00000000,0.01577615
2020-03-12,-0.00408216,0.00000000,0.00576790
2020-03-13,-0.00091515,0.00000000,0.00658359
2020-03-16,0.00574912,0.00000000,0.00179200
2020-03-17,-0.00587641,0.00000000,0.00253972
2020-03-18,0.03024757,0.00000000,0.01240957
2020-03-19,0.01411886,0.00000000,0.01859957
2020-03-20,-0.01310188,0.00000000,-0.02599182
2020-03-23,0.00856137,0.00000000,0.00445035
2020-03-24,0.00561331,0.00000000,0.00588562
2020-03-25,0.01375485,0.00000000,0.02147649
2020-03-26,-0.00029616,0.00000000,-0.01066035
2020-03-27,0.00774505,0.00000000,0.00769262
2020-03-30,-0.00788175,0.00000000,-0.01512467
2020-03-31,0.00324664,0.00000000,-0.00029001
2020-04-01,-0.00919397,0.00000000,-0.01697041
2020-04-02,-0.00526690,0.00000000,0.00179396
2020-04-03,0.01713569,0.00000000,0.00313132
2020-04-06,-0.00469768,0.00000000,-0.00004046
2020-04-07,0.00283443,1.00000000,0.00574233
2020-04-08,-0.00111383,0.00000000,-0.00107643
2020-04-09,-0.00348519,1.00000000,-0.00588685
2020-04-10,0.00151697,0.00000000,0.01112437
2020-04-13,-0.00756451,0.00000000,-0.01668091
2020-04-14,-0.00858909,0.00000000,0.00240135
2020-04-15,0.00213660,0.00000000,0.01582620
2020-04-16,0.00099291,0.00000000,0.00979619
2020-04-17,0.00786572,0.00000000,-0.01081997
2020-04-20,0.00234356,0.00000000,-0.00012739
2020-04-21,0.00528927,0.00000000,-0.00228127
2020-04-22,-0.01160029,0.00000000,0.00901846
2020-04-23,0.01424306,0.00000000,0.00632718
2020-04-24,-0.01352860,0.00000000,-0.00968183
2020-04-27,0.00091194,0.00000000,0.00397239
2020-04-28,-0.00294916,1.00000000,-0.00302997
2020-04-29,0.00399273,0.00000000,0.00805247
2020-04-30,-0.00331221,1.00000000,-0.01092746
2020-05-01,0.01167452,0.00000000,0.01674971
2020-05-04,0.00322909,0.00000000,-0.00196564
2020-05-05,0.00015399,0.00000000,-0.00636759
2020-05-06,0.00871664,0.00000000,0.00767046
2020-05-07,0.00117413,0.00000000,-0.00323675
2020-05-08,0.00622171,0.00000000,-0.00054194
2020-05-11,0.00128995,0.00000000,-0.00205688
2020-05-12,-0.01205576,0.00000000,-0.00658420
2020-05-13,-0.00820264,0.00000000,-0.00038874
2020-05-14,-0.00954423,0.00000000,-0.01991865
2020-05-15,-0.00489284,0.00000000,-0.00088506
2020-05-18,0.00431437,0.00000000,0.00672997
2020-05-19,-0.01278568,0.00000000,-0.00790145
2020-05-20,-0.00631768,0.00000000,-0.00127943
2020-05-21,0.00016213,0.00000000,-0.00142801
2020-05-22,0.01452398,0.00000000,0.00886939
2020-05-25,0.00164101,1.00000000,-0.00432778
2020-05-26,0.00318248,0.00000000,-0.00772531
2020-05-27,-0.00268883,0.00000000,-0.00170407
2020-05-28,0.01340280,0.00000000,0.01259661
2020-05-29,0.00335501,0.00000000,0.00682988
2020-06-01,0.00596947,0.00000000,-0.00075155
2020-06-02,0.01151781,0.00000000,0.00637404
2020-06-03,0.00747586,0.00000000,0.01017038
2020-06-04,0.00129371,0.00000000,0.00032204
2020-06-05,0.02039188,0.00000000,0.01089183
2020-06-08,0.00719232,0.00000000,0.01313342
2020-06-09,0.00810505,0.00000000,0.00872330
2020-06-10,-0.01165765,0.00000000,-0.01630252
2020-06-11,-0.01842988,0.00000000,-0.00540490
2020-06-12,-0.00426772,0.00000000,-0.00304340
2020-06-15,-0.00726074,0.00000000,-0.01015599
2020-06-16,0.00399177,0.00000000,0.00886845
2020-06-17,0.00003841,0.00000000,0.00773601
2020-06-18,-0.00307448,0.00000000,-0.00620658
2020-06-19,0.00789175,0.00000000,-0.00126466
2020-06-22,0.00792116,0.00000000,0.01227816
2020-06-23,-0.00209977,0.00000000,0.00381449
2020-06-24,0.00057691,0.00000000,-0.00612918
2020-06-25,0.00748100,0.00000000,0.01044424
2020-06-26,0.00730490,0.00000000,0.01627911
2020-06-29,-0.00012266,0.00000000,0.00594876
2020-06-30,-0.00253673,0.00000000,0.00294338
2020-07-01,-0.01985354,0.00000000,-0.02048862
2020-07-02,0.01389163,0.00000000,0.01517392
2020-07-03,-0.00107769,0.00000000,0.00355810
2020-07-06,0.01315442,0.00000000,0.00738173
2020-07-07,-0.00417394,0.00000000,0.00789977
2020-07-08,0.00327047,0.00000000,0.00199419
2020-07-09,0.00192319,1.00000000,-0.01302751
2020-07-10,-0.00276197,0.00000000,-0.00272638
2020-07-13,0.00018970,0.00000000,-0.00002900
2020-07-14,-0.00544627,1.00000000,-0.01109336
2020-07-15,0.02639879,0.00000000,0.02985845
2020-07-16,0.00576253,0.00000000,0.00984102
2020-07-17,0.00850420,0.00000000,0.01270492
2020-07-20,0.00676466,0.00000000,0.01304463
2020-07-21,-0.00164971,0.00000000,0.00771016
2020-07-22,-0.00998461,0.00000000,-0.01810428
2020-07-23,0.01195957,0.00000000,0.01321670
2020-07-24,-0.00390587,0.00000000,-0.00452984
2020-07-27,0.00546077,0.00000000,-0.00812672
2020-07-28,-0.00704089,0.00000000,-0.00965202
2020-07-29,0.00057670,0.00000000,-0.00125732
2020-07-30,0.00949623,0.00000000,0.00576552
2020-07-31,-0.01221499,0.00000000,-0.01284485
2020-08-03,-0.00571285,0.00000000,-0.00806524
2020-08-04,0.00294384,0.00000000,-0.00990003
2020-08-05,0.01298539,0.00000000,0.00781661
2020-08-06,0.00646181,0.00000000,0.00710459
2020-08-07,0.01513657,0.00000000,0.00980389
2020-08-10,-0.01513036,0.00000000,-0.02229902
2020-08-11,0.01282771,0.00000000,0.00944600
2020-08-12,0.00331220,1.00000000,0.00279050
2020-08-13,0.00207559,0.00000000,0.01177789
2020-08-14,0.00727918,0.00000000,0.00980778
2020-08-17,0.00319405,0.00000000,-0.00240368
2020-08-18,-0.01304509,0.00000000,-0.01896133
2020-08-19,-0.02038507,0.00000000,-0.02443781
2020-08-20,-0.00508269,0.00000000,-0.00980990
2020-08-21,0.01371536,0.00000000,0.01048569
2020-08-24,-0.00014153,0.00000000,0.00332331
2020-08-25,-0.00676046,0.00000000,0.00314461
2020-08-26,-0.00491902,0.00000000,-0.01344414
2020-08-27,-0.00096047,0.00000000,-0.01068537
2020-08-28,-0.00558383,0.00000000,-0.00836403
2020-08-31,0.00317850,0.00000000,0.02474727
2020-09-01,0.00227749,0.00000000,-0.00146838
2020-09-02,0.00383642,0.00000000,0.00586055
2020-09-03,-0.00527156,0.00000000,-0.01382018
2020-09-04,0.00527271,0.00000000,-0.00039822
2020-09-07,-0.00863464,0.00000000,-0.00860225
2020-09-08,-0.00181686,0.00000000,-0.00204583
2020-09-09,0.01175348,0.00000000,0.01209274
2020-09-10,0.00785693,0.00000000,0.00696603
2020-09-11,-0.00219711,0.00000000,0.00214709
2020-09-14,0.00221559,1.00000000,-0.00080493
2020-09-15,0.01976315,0.00000000,0.01458290
2020-09-16,0.01285088,0.00000000,0.01451886
2020-09-17,-0.01016682,0.00000000,-0.01300243
2020-09-18,-0.00738722,0.00000000,-0.00173868
2020-09-21,-0.00598449,0.00000000,0.00187730
2020-09-22,0.01594415,1.00000000,0.01698600
2020-09-23,0.00505499,0.00000000,0.01175950
2020-09-24,-0.00305096,0.00000000,-0.01073923
2020-09-25,0.00646828,0.00000000,0.00732756
2020-09-28,-0.00247316,0.00000000,-0.00240575
2020-09-29,0.00398647,0.00000000,0.00824320
2020-09-30,-0.00192200,0.00000000,-0.01895074
2020-10-01,-0.00252062,0.00000000,-0.00570337
2020-10-02,0.00717196,0.00000000,0.00218817
2020-10-05,0.00984266,0.00000000,0.01686559
2020-10-06,0.00118514,0.00000000,-0.00380993
2020-10-07,-0.00132379,0.00000000,-0.01005208
2020-10-08,-0.00727485,0.00000000,-0.00345665
2020-10-09,-0.00616545,1.00000000,-0.00023880
2020-10-12,0.00322683,0.00000000,0.01763583
2020-10-13,-0.00161019,0.00000000,-0.00806045
2020-10-14,-0.00027321,0.00000000,-0.01183248
2020-10-15,0.01045861,1.00000000,0.00700936
2020-10-16,0.01015733,0.00000000,0.02797510
2020-10-19,-0.01155683,0.00000000,-0.00700274
2020-10-20,0.01653746,0.00000000,0.00875703
2020-10-21,0.00602059,0.00000000,0.00660496
2020-10-22,0.00219408,0.00000000,0.01048589
2020-10-23,-0.00079279,0.00000000,-0.00496346
2020-10-26,0.00795976,0.00000000,0.00692273
2020-10-27,-0.01588394,0.00000000,-0.01875993
2020-10-28,0.01065121,0.00000000,0.02084731
2020-10-29,0.00411200,0.00000000,-0.00267808
2020-10-30,0.00150635,0.00000000,-0.01227152
2020-11-02,0.00190408,0.00000000,-0.01037528
2020-11-03,0.00857223,0.00000000,0.00596609
2020-11-04,-0.00065081,0.00000000,0.02151347
2020-11-05,-0.01904667,0.00000000,-0.01585773
2020-11-06,-0.00008299,0.00000000,-0.00056749
2020-11-09,0.01642665,0.00000000,0.00867162
2020-11-10,0.00552885,0.00000000,0.00633387
2020-11-11,-0.00556902,0.00000000,-0.01108417
2020-11-12,0.01576292,0.00000000,0.01328445
2020-11-13,0.00259292,0.00000000,-0.00450576
2020-11-16,-0.00286220,0.00000000,0.00062079
2020-11-17,-0.00398976,0.00000000,-0.00508484
2020-11-18,0.00175214,0.00000000,0.01425029
2020-11-19,-0.00497368,0.00000000,-0.00000334
2020-11-20,0.00339616,0.00000000,0.01139094
2020-11-23,-0.00066563,0.00000000,0.00744641
2020-11-24,0.00004149,0.00000000,0.00943505
2020-11-25,0.00607866,0.00000000,0.01130919
2020-11-26,-0.00958106,0.00000000,-0.00352813
2020-11-27,-0.00142424,0.00000000,-0.01683512
2020-11-30,-0.01409462,0.00000000,-0.01935509
2020-12-01,-0.01148793,0.00000000,-0.01978350
2020-12-02,0.00817210,0.00000000,0.01157778
2020-12-03,-0.00978684,0.00000000,-0.01507703
2020-12-04,0.00000747,0.00000000,-0.00226837
2020-12-07,-0.00529852,0.00000000,-0.01655929
2020-12-08,0.00090360,0.00000000,-0.00865346
2020-12-09,-0.01475921,0.00000000,-0.01621719
2020-12-10,-0.00601254,0.00000000,-0.00930172
2020-12-11,-0.00432921,0.00000000,-0.01153592
2020-12-14,-0.00014050,0.00000000,-0.00361684
2020-12-15,0.00719208,0.00000000,0.00470680
2020-12-16,0.00661085,0.00000000,0.00823025
2020-12-17,-0.01416009,0.00000000,-0.01938498
2020-12-18,-0.00723285,0.00000000,-0.00793683
2020-12-21,0.00491823,0.00000000,0.00812413
2020-12-22,0.00594300,0.00000000,-0.00328670
2020-12-23,0.00292697,0.00000000,0.00655909
2020-12-24,0.01769729,0.00000000,0.02184681
2020-12-25,-0.00234646,0.00000000,0.00713222
2020-12-28,-0.01251957,0.00000000,-0.00008940
2020-12-29,-0.00861415,0.00000000,-0.00193013
2020-12-30,0.00171319,0.00000000,-0.00972177
2020-12-31,-0.01417154,0.00000000,-0.01979107
2021-01-01,-0.01512849,0.00000000,-0.01987944
2021-01-04,0.00880805,0.00000000,0.00473930
2021-01-05,0.00119259,0.00000000,-0.00051627
2021-01-06,0.00010343,0.00000000,0.00484671
2021-01-07,0.00169571,0.00000000,0.00770271
2021-01-08,-0.00846901,0.00000000,-0.00533156
2021-01-11,-0.00618026,0.00000000,-0.01101119
2021-01-12,0.00465873,0.00000000,-0.00352248
2021-01-13,0.01149813,0.00000000,0.00098216
2021-01-14,0.00258399,0.00000000,0.00709593
2021-01-15,-0.00441965,0.00000000,-0.00336315
2021-01-18,0.00453155,0.00000000,0.01467917
2021-01-19,-0.00458230,1.00000000,0.00819067
2021-01-20,0.00527234,0.00000000,0.00164105
2021-01-21,-0.00365600,0.00000000,0.00380949
2021-01-22,0.00620912,0.00000000,0.01321610
2021-01-25,0.00526747,0.00000000,0.00816751
2021-01-26,-0.00266480,0.00000000,-0.00393471
2021-01-27,-0.00457896,0.00000000,-0.00410275
2021-01-28,-0.00971754,0.00000000,0.00180277
2021-01-29,0.00136447,0.00000000,0.00764829
2021-02-01,-0.00948812,0.00000000,-0.01704634
2021-02-02,-0.00043692,0.00000000,-0.00607663
2021-02-03,-0.00534572,0.00000000,-0.00840904
2021-02-04,0.00126837,0.00000000,0.00023602
2021-02-05,0.00259693,0.00000000,-0.00757382
2021-02-08,-0.00714877,0.00000000,-0.00641617
2021-02-09,-0.00873775,1.00000000,-0.01564930
2021-02-10,0.01479023,0.00000000,0.01937067
2021-02-11,-0.00695484,0.00000000,-0.00553263
2021-02-12,0.00450757,0.00000000,0.00592362
2021-02-15,-0.00101932,0.00000000,0.00521652
2021-02-16,0.01094405,0.00000000,0.01318800
2021-02-17,0.01337912,0.00000000,0.00772812
2021-02-18,-0.00278387,0.00000000,-0.00134331
2021-02-19,0.01148604,0.00000000,0.01329121
2021-02-22,0.01513702,0.00000000,0.00904415
2021-02-23,0.00052845,0.00000000,0.01630318
2021-02-24,-0.00083927,0.00000000,-0.00925128
2021-02-25,-0.01002936,0.00000000,-0.01839360
2021-02-26,-0.00199700,0.00000000,-0.01181385
2021-03-01,-0.01125362,0.00000000,-0.01106199
2021-03-02,0.00093227,0.00000000,-0.00798275
2021-03-03,-0.01454528,0.00000000,-0.01492160
2021-03-04,0.00967955,0.00000000,0.01395175
2021-03-05,0.00696811,0.00000000,0.00785527
2021-03-08,-0.01498680,0.00000000,0.00293368
2021-03-09,0.01507656,0.00000000,0.01009955
2021-03-10,0.01009301,0.00000000,0.01251184
2021-03-11,-0.01383835,0.00000000,-0.02178980
2021-03-12,0.00676396,1.00000000,-0.00216859
2021-03-15,0.00463343,0.00000000,-0.00723609
2021-03-16,0.00477473,0.00000000,0.00403484
2021-03-17,-0.01144467,0.00000000,-0.01158529
2021-03-18,0.00466005,0.00000000,-0.00386965
2021-03-19,0.01095231,0.00000000,-0.00173835
2021-03-22,0.00580185,0.00000000,0.00303850
2021-03-23,0.00595927,0.00000000,0.01009002
2021-03-24,-0.00802237,0.00000000,-0.00647339
2021-03-25,-0.00142227,0.00000000,0.00697324
2021-03-26,-0.01261421,0.00000000,-0.00966904
2021-03-29,0.00602975,0.00000000,0.00560972
2021-03-30,0.00660290,0.00000000,0.01212405
2021-03-31,-0.00096899,0.00000000,0.00267475
2021-04-01,-0.00032135,0.00000000,-0.00379805
2021-04-02,0.00406127,0.00000000,0.00349001
2021-04-05,0.00315361,0.00000000,0.00214307
2021-04-06,0.00506019,0.00000000,-0.00139088
2021-04-07,0.00233599,1.00000000,-0.00692304
2021-04-08,-0.00610746,0.00000000,0.00247726
2021-04-09,-0.01881520,0.00000000,-0.02689494
2021-04-12,-0.00578652,0.00000000,-0.00884418
2021-04-13,-0.00258560,0.00000000,0.00694860
2021-04-14,-0.00722836,0.00000000,-0.00673924
2021-04-15,0.00089403,0.00000000,-0.00204241
2021-04-16,0.00934408,0.00000000,0.00030126
2021-04-19,0.00386988,0.00000000,-0.00032701
2021-04-20,-0.01644074,0.00000000,-0.02089197
2021-04-21,0.00962825,0.00000000,0.01039457
2021-04-22,-0.00834750,0.00000000,0.00298519
2021-04-23,-0.00076958,0.00000000,-0.00213093
2021-04-26,-0.00112403,0.00000000,0.00012485
2021-04-27,-0.00281758,0.00000000,-0.00584399
2021-04-28,-0.00979326,1.00000000,-0.00805869
2021-04-29,0.01591683,0.00000000,0.00653444
2021-04-30,-0.00127119,0.00000000,0.00002693
2021-05-03,-0.01518537,0.00000000,-0.02647422
2021-05-04,-0.00654816,0.00000000,0.00007473
2021-05-05,0.00035781,0.00000000,0.00866087
2021-05-06,0.00326048,0.00000000,0.01036327
2021-05-07,0.00577208,0.00000000,-0.00453229
2021-05-10,-0.00075460,0.00000000,-0.00739246
2021-05-11,0.00471857,0.00000000,0.01685233
2021-05-12,0.00331146,0.00000000,-0.01313115
2021-05-13,0.00429922,0.00000000,0.00355991
2021-05-14,0.01187952,0.00000000,0.00810910
2021-05-17,-0.00080692,0.00000000,0.00212806
2021-05-18,0.01163628,0.00000000,0.01358842
2021-05-19,0.00489949,0.00000000,0.00655187
2021-05-20,0.00235996,0.00000000,-0.00204740
2021-05-21,-0.00440358,0.00000000,-0.00432097
2021-05-24,-0.01909575,0.00000000,-0.01123143
2021-05-25,0.00659430,0.00000000,0.01052000
2021-05-26,-0.00652348,0.00000000,-0.01039340
2021-05-27,-0.00911590,0.00000000,0.00339703
2021-05-28,-0.00476115,0.00000000,-0.00557074
2021-05-31,0.00473019,0.00000000,0.00822936
2021-06-01,0.02847957,0.00000000,0.01422358
2021-06-02,0.00195651,0.00000000,-0.00197907
2021-06-03,0.00531935,0.00000000,0.00738177
2021-06-04,-0.00470478,0.00000000,-0.00308590
2021-06-07,-0.00433464,0.00000000,-0.00876946
2021-06-08,0.00162132,0.00000000,-0.00846467
2021-06-09,0.00654034,0.00000000,0.01035706
2021-06-10,-0.00335767,0.00000000,-0.00270420
2021-06-11,-0.00920466,0.00000000,-0.00880249
2021-06-14,0.02107924,0.00000000,0.00827550
2021-06-15,-0.00981302,0.00000000,-0.00192586
2021-06-16,-0.00811690,0.00000000,-0.00447520
2021-06-17,0.00383341,0.00000000,-0.00088615
2021-06-18,-0.00118325,0.00000000,-0.00146520
2021-06-21,0.00495130,0.00000000,0.00258394
2021-06-22,0.00896826,0.00000000,-0.00129487
2021-06-23,0.01707923,0.00000000,0.00871386
2021-06-24,0.01256717,0.00000000,0.01587141
2021-06-25,0.00919756,0.00000000,0.00255954
2021-06-28,-0.00285684,0.00000000,0.00078777
2021-06-29,0.00536719,0.00000000,-0.00122682
2021-06-30,0.00995903,0.00000000,0.00719054
2021-07-01,-0.00213438,0.00000000,0.00305837
2021-07-02,0.00131813,0.00000000,0.01547296
2021-07-05,0.00916163,0.00000000,0.00798418
2021-07-06,0.00991046,0.00000000,0.00890817
2021-07-07,0.00134358,0.00000000,-0.00409869
2021-07-08,-0.00647893,0.00000000,0.00095674
2021-07-09,-0.00093020,0.00000000,0.00461405
2021-07-12,-0.00164543,0.00000000,0.00635388
2021-07-13,0.00165976,0.00000000,-0.00369505
2021-07-14,0.01886632,0.00000000,0.02016349
2021-07-15,0.00073487,0.00000000,0.00218591
2021-07-16,0.00502194,1.00000000,-0.00642615
2021-07-19,-0.00605192,0.00000000,-0.00620376
2021-07-20,-0.00004266,0.00000000,0.01016098
2021-07-21,0.01525857,0.00000000,0.02092800
2021-07-22,-0.00248215,0.00000000,-0.01589506
2021-07-23,0.01920500,0.00000000,0.01651104
2021-07-26,0.00313692,0.00000000,0.00581075
2021-07-27,0.00127079,0.00000000,-0.00186342
2021-07-28,0.00855145,0.00000000,-0.00661390
2021-07-29,-0.00894402,0.00000000,-0.00145111
2021-07-30,-0.00825050,1.00000000,-0.00380270
2021-08-02,0.00253435,0.00000000,-0.00030710
2021-08-03,0.00933271,0.00000000,0.00892071
2021-08-04,0.00001125,0.00000000,0.00922337
2021-08-05,0.01207844,0.00000000,0.00192768
2021-08-06,-0.00032840,0.00000000,0.00273648
2021-08-09,-0.00528331,0.00000000,-0.00386234
2021-08-10,0.00711197,0.00000000,0.01646810
2021-08-11,-0.00321833,0.00000000,-0.00969501
2021-08-12,0.00338892,0.00000000,0.00923456
2021-08-13,-0.00675056,0.00000000,-0.00688519
2021-08-16,-0.00322272,0.00000000,-0.00237388
2021-08-17,0.00435690,0.00000000,0.00417592
2021-08-18,0.00185961,0.00000000,0.00829026
2021-08-19,-0.00301924,0.00000000,0.00299544
2021-08-20,0.01056219,1.00000000,0.00266612
2021-08-23,0.00376895,0.00000000,-0.00525645
2021-08-24,0.00672490,0.00000000,-0.00811975
2021-08-25,-0.00574039,0.00000000,-0.01047224
2021-08-26,0.00107830,0.00000000,-0.00900181
2021-08-27,-0.01748389,0.00000000,-0.00916212
2021-08-30,0.01148370,0.00000000,0.01403852
2021-08-31,0.00662848,0.00000000,-0.00196490
2021-09-01,0.00052669,1.00000000,-0.00657331
2021-09-02,0.00151444,0.00000000,0.00702226
2021-09-03,0.00453784,0.00000000,0.00619116
2021-09-06,-0.00225825,0.00000000,0.00142940
2021-09-07,-0.00806813,0.00000000,-0.00268144
2021-09-08,0.00221082,0.00000000,-0.00182894
2021-09-09,0.00836201,1.00000000,0.00721660
2021-09-10,0.00186277,0.00000000,0.00028547
2021-09-13,-0.00272005,0.00000000,-0.00128750
2021-09-14,0.00922399,0.00000000,0.00253265
2021-09-15,0.00215690,0.00000000,-0.00391650
2021-09-16,0.01831381,0.00000000,0.01865735
2021-09-17,-0.00524827,0.00000000,0.00109474
2021-09-20,-0.01129802,0.00000000,-0.01207219
2021-09-21,0.00292332,0.00000000,0.01328664
2021-09-22,0.00606266,0.00000000,0.01103682
2021-09-23,0.00040615,0.00000000,-0.00552355
2021-09-24,0.00059038,0.00000000,0.00165149
2021-09-27,-0.00175419,0.00000000,-0.00864618
2021-09-28,0.00358008,0.00000000,0.00320366
2021-09-29,-0.00756694,0.00000000,-0.00691968
2021-09-30,-0.00391430,1.00000000,-0.00375113
2021-10-01,-0.00402508,0.00000000,0.00164144
2021-10-04,0.00751707,1.00000000,0.00432231
2021-10-05,-0.00037076,1.00000000,-0.00274335
2021-10-06,0.00480657,0.00000000,0.00843742
2021-10-07,-0.00368585,0.00000000,-0.01797915
2021-10-08,0.00689387,0.00000000,-0.01258845
2021-10-11,0.00972192,0.00000000,0.00983925
2021-10-12,-0.00880299,0.00000000,-0.02114871
2021-10-13,-0.00359388,0.00000000,-0.01023799
2021-10-14,-0.00931421,0.00000000,-0.00838515
2021-10-15,-0.01908706,0.00000000,-0.02303309
2021-10-18,0.00959363,0.00000000,0.01875187
2021-10-19,-0.00292287,0.00000000,-0.00634559
2021-10-20,-0.01337148,0.00000000,-0.00498693
2021-10-21,0.01137085,0.00000000,-0.00574575
2021-10-22,0.00176937,0.00000000,0.00550256
2021-10-25,0.00195932,0.00000000,0.01464876
2021-10-26,-0.00498069,1.00000000,-0.00608150
2021-10-27,0.00205471,0.00000000,-0.00163491
2021-10-28,-0.00447908,0.00000000,-0.01067739
2021-10-29,-0.01095643,0.00000000,-0.00603537
2021-11-01,0.00395845,1.00000000,0.00007462
2021-11-02,-0.00294300,0.00000000,0.00047966
2021-11-03,-0.00723339,0.00000000,0.00100241
2021-11-04,0.00381767,0.00000000,-0.00351396
2021-11-05,0.00027402,0.00000000,0.00108942
2021-11-08,-0.01020809,0.00000000,-0.01241680
2021-11-09,-0.00285451,0.00000000,-0.00268975
2021-11-10,0.00103369,0.00000000,-0.01305492
2021-11-11,0.00180901,0.00000000,0.01241354
2021-11-12,0.00135350,0.00000000,0.00274799
2021-11-15,0.01333654,0.00000000,0.00624973
2021-11-16,-0.01979484,0.00000000,-0.03321435
2021-11-17,0.01785055,0.00000000,0.01702429
2021-11-18,-0.00858856,0.00000000,-0.00204144
2021-11-19,-0.00089612,0.00000000,-0.00433556
2021-11-22,-0.00175976,0.00000000,-0.00866310
2021-11-23,-0.00922576,0.00000000,-0.00644040
2021-11-24,-0.00120566,0.00000000,-0.01170532
2021-11-25,-0.00780603,0.00000000,-0.00502029
2021-11-26,-0.01126443,0.00000000,0.00780860
2021-11-29,0.00824356,0.00000000,0.00222783
2021-11-30,0.01396949,0.00000000,0.01259703
2021-12-01,0.00697390,0.00000000,0.02167907
2021-12-02,-0.00541392,0.00000000,0.00061926
2021-12-03,-0.00121302,0.00000000,-0.01598208
2021-12-06,0.00900171,0.00000000,0.01707268
2021-12-07,-0.00680730,0.00000000,-0.00413360
2021-12-08,0.00897562,0.00000000,0.01089190
2021-12-09,0.01235424,0.00000000,0.01227870
2021-12-10,0.00866603,0.00000000,0.01090435
2021-12-13,-0.00598733,0.00000000,-0.00055641
2021-12-14,0.00641002,0.00000000,0.00221304
2021-12-15,-0.00005406,0.00000000,-0.01457481
2021-12-16,-0.00107007,0.00000000,0.00667239
2021-12-17,0.00329231,0.00000000,-0.00276247
2021-12-20,0.00757659,0.00000000,0.01126849
2021-12-21,-0.00671593,0.00000000,-0.01429069
2021-12-22,-0.00658811,0.00000000,0.00158888
2021-12-23,-0.00024495,0.00000000,-0.00459002
2021-12-24,-0.00648873,1.00000000,-0.01762840
2021-12-27,0.00162686,0.00000000,-0.00258377
2021-12-28,0.01147781,0.00000000,0.00788744
2021-12-29,-0.01543576,0.00000000,-0.01759684
2021-12-30,0.00282367,0.00000000,0.00188325
2021-12-31,-0.01643815,0.00000000,-0.00847988
2022-01-03,0.00055203,0.00000000,-0.00863255
2022-01-04,0.00038644,0.00000000,-0.00650160
2022-01-05,0.00704247,0.00000000,0.00577720
2022-01-06,-0.01258302,0.00000000,-0.00808816
2022-01-07,0.00324648,0.00000000,0.00740469
2022-01-10,0.00716015,0.00000000,0.01672796
2022-01-11,-0.00080401,0.00000000,0.00583618
2022-01-12,0.01220156,0.00000000,0.00752086
2022-01-13,0.00898556,0.00000000,0.01159203
2022-01-14,-0.00157752,0.00000000,-0.00272558
2022-01-17,0.00946771,0.00000000,-0.00306866
2022-01-18,0.00410915,0.00000000,-0.00475957
2022-01-19,-0.00177326,0.00000000,-0.00218727
2022-01-20,-0.00452399,0.00000000,-0.00561655
2022-01-21,-0.00829173,0.00000000,-0.01190992
2022-01-24,0.00001697,0.00000000,0.00289568
2022-01-25,-0.00314373,0.00000000,-0.00373251
2022-01-26,0.00452069,0.00000000,0.00505555
2022-01-27,0.00348805,1.00000000,-0.00240302
2022-01-28,0.00373138,0.00000000,0.00688531
2022-01-31,0.01263955,0.00000000,0.00974887
2022-02-01,0.00595895,1.00000000,0.00441624
2022-02-02,0.00698731,0.00000000,0.01542626
2022-02-03,-0.00689850,0.00000000,-0.01032380
2022-02-04,-0.01293897,0.00000000,-0.01582953
2022-02-07,-0.00525541,0.00000000,0.00065815
2022-02-08,0.00049834,0.00000000,-0.00504473
2022-02-09,0.00181739,0.00000000,-0.00333993
2022-02-10,0.01027875,0.00000000,0.01529386
2022-02-11,-0.00051607,0.00000000,0.00767002
2022-02-14,0.00438410,0.00000000,0.01361196
2022-02-15,0.00221727,0.00000000,0.00067076
2022-02-16,-0.00885294,0.00000000,0.00032203
2022-02-17,-0.00004021,0.00000000,-0.00145790
2022-02-18,-0.00715271,0.00000000,-0.00241954
2022-02-21,-0.00163118,0.00000000,0.00372524
2022-02-22,0.00404929,0.00000000,-0.00021783
2022-02-23,-0.00738960,0.00000000,-0.00917091
2022-02-24,0.00451196,0.00000000,0.01103304
2022-02-25,-0.00197031,1.00000000,-0.00263635
2022-02-28,-0.00280262,1.00000000,-0.01212990
2022-03-01,0.00320221,0.00000000,0.00754639
2022-03-02,-0.00063932,1.00000000,0.00684068
2022-03-03,-0.01239425,0.00000000,-0.02073883
2022-03-04,0.00313459,0.00000000,-0.00941555
2022-03-07,0.01645509,0.00000000,0.02427204
2022-03-08,-0.00260074,0.00000000,0.01826764
2022-03-09,-0.00057678,0.00000000,0.00417645
2022-03-10,0.00924255,0.00000000,0.01462727
2022-03-11,-0.00081084,0.00000000,-0.00315267
2022-03-14,0.01795631,1.00000000,0.01092470
2022-03-15,-0.00076633,0.00000000,0.00532263
2022-03-16,-0.00032628,0.00000000,-0.00078932
2022-03-17,-0.02094508,0.00000000,-0.03410600
2022-03-18,-0.02107578,0.00000000,-0.01346103
2022-03-21,-0.00283335,0.00000000,-0.00479548
2022-03-22,-0.00558706,0.00000000,0.00372376
2022-03-23,0.01209299,0.00000000,0.00711059
2022-03-24,0.00026974,1.00000000,0.00638800
2022-03-25,-0.00174565,0.00000000,-0.00271415
2022-03-28,0.00132010,0.00000000,-0.00119946
2022-03-29,0.00753364,0.00000000,0.01588530
2022-03-30,0.00877986,0.00000000,0.00335393
2022-03-31,0.00760255,0.00000000,0.01069403
2022-04-01,-0.00204550,0.00000000,-0.01065077
2022-04-04,0.01033459,0.00000000,-0.00280729
2022-04-05,0.01107989,0.00000000,0.01683081
2022-04-06,-0.01364503,0.00000000,-0.01331442
2022-04-07,0.00344501,0.00000000,-0.00168883
2022-04-08,0.00278103,0.00000000,0.01245909
2022-04-11,-0.00653333,0.00000000,-0.00501399
2022-04-12,-0.00763684,0.00000000,0.00622366
2022-04-13,-0.00393455,0.00000000,-0.00900640
2022-04-14,0.00379161,0.00000000,0.00469980
2022-04-15,0.00232116,0.00000000,-0.00086774
2022-04-18,0.00142925,0.00000000,-0.00104522
2022-04-19,0.00894609,0.00000000,0.01727428
2022-04-20,0.01651997,0.00000000,0.01381152
2022-04-21,0.00951011,0.00000000,0.01600888
2022-04-22,-0.00266637,0.00000000,0.00372303
2022-04-25,-0.01087478,0.00000000,-0.00380689
2022-04-26,0.00418752,0.00000000,0.01227047
2022-04-27,0.01275872,0.00000000,0.01328378
2022-04-28,-0.00401237,0.00000000,0.00086480
2022-04-29,0.01277080,0.00000000,0.01516473
2022-05-02,0.00619782,0.00000000,0.00305230
2022-05-03,-0.00412900,0.00000000,0.00732816
2022-05-04,-0.00191963,0.00000000,0.00180736
2022-05-05,0.00074608,0.00000000,-0.00350218
2022-05-06,0.01447074,0.00000000,0.01600742
2022-05-09,-0.00894443,0.00000000,0.00296782
2022-05-10,-0.00374642,0.00000000,-0.00940239
2022-05-11,0.02935832,0.00000000,0.03664928
2022-05-12,0.00160160,0.00000000,0.00746494
2022-05-13,0.00130190,0.00000000,0.01121742
2022-05-16,0.00392774,0.00000000,-0.01474902
2022-05-17,-0.00021412,0.00000000,-0.00633651
2022-05-18,-0.01144875,0.00000000,-0.00912445
2022-05-19,-0.00103131,0.00000000,-0.00379123
2022-05-20,-0.00480789,0.00000000,-0.00191851
2022-05-23,0.00101776,0.00000000,-0.00214623
2022-05-24,0.00187577,0.00000000,0.00064026
2022-05-25,0.00426963,0.00000000,0.00478063
2022-05-26,0.00725012,0.00000000,0.00915752
2022-05-27,0.00010337,0.00000000,-0.00672433
2022-05-30,0.01002089,0.00000000,0.00319798
2022-05-31,0.00090473,0.00000000,0.00865918
2022-06-01,0.01188156,0.00000000,0.01940586
2022-06-02,0.00067823,0.00000000,0.00948619
2022-06-03,0.00056776,0.00000000,0.01227287
2022-06-06,-0.00818991,0.00000000,-0.00360848
2022-06-07,-0.00872700,0.00000000,-0.01371564
2022-06-08,-0.01208327,0.00000000,-0.00793110
2022-06-09,0.00473683,1.00000000,0.01035782
2022-06-10,-0.00794517,0.00000000,-0.00955678
2022-06-13,-0.00218642,0.00000000,-0.01562140
2022-06-14,0.00829234,0.00000000,0.00385943
2022-06-15,0.00773625,0.00000000,0.01192779
2022-06-16,0.00899531,0.00000000,0.01146919
2022-06-17,-0.00064446,0.00000000,0.00273165
2022-06-20,-0.00054851,0.00000000,-0.00217918
2022-06-21,0.00031143,0.00000000,0.01325304
2022-06-22,0.00269783,0.00000000,0.00890161
2022-06-23,0.00938849,1.00000000,-0.00182121
2022-06-24,0.01848810,0.00000000,0.01607661
2022-06-27,0.00955952,0.00000000,0.00478812
2022-06-28,-0.00797657,0.00000000,-0.00411187
2022-06-29,0.01664488,0.00000000,0.02033861
2022-06-30,-0.01255141,0.00000000,-0.01066386
2022-07-01,0.00663733,0.00000000,0.02202737
2022-07-04,-0.00187339,0.00000000,0.00194525
2022-07-05,-0.00926656,0.00000000,-0.01893054
2022-07-06,0.00418074,0.00000000,0.00455882
2022-07-07,0.01456178,0.00000000,0.02023777
2022-07-08,0.00163446,0.00000000,0.00444512
2022-07-11,0.02403879,1.00000000,0.01394783
2022-07-12,-0.01838234,0.00000000,-0.00880682
2022-07-13,-0.00638261,0.00000000,-0.01979861
2022-07-14,-0.00026616,0.00000000,0.00341825
2022-07-15,0.00134706,0.00000000,0.00937962
2022-07-18,-0.00287460,0.00000000,0.00320251
2022-07-19,0.00917582,0.00000000,0.01615476
2022-07-20,-0.01455781,0.00000000,-0.01673408
2022-07-21,-0.00808012,0.00000000,-0.00868681
2022-07-22,-0.00356390,0.00000000,0.00459070
2022-07-25,0.00326611,0.00000000,0.00134053
2022-07-26,0.00552118,0.00000000,0.01819239
2022-07-27,-0.00314048,0.00000000,0.00323133
2022-07-28,0.00721784,0.00000000,-0.00341754
2022-07-29,0.01056506,0.00000000,0.00473322
2022-08-01,-0.00007796,0.00000000,0.00296880
2022-08-02,0.00321454,0.00000000,0.00038558
2022-08-03,0.00098088,0.00000000,0.00467925
2022-08-04,0.01015434,0.00000000,0.00797426
2022-08-05,0.00327537,0.00000000,0.00577791
2022-08-08,-0.00996102,1.00000000,-0.00800130
2022-08-09,-0.01097237,0.00000000,-0.01876237
2022-08-10,0.00905215,0.00000000,0.01354029
2022-08-11,-0.00173671,0.00000000,-0.01073703
2022-08-12,-0.00732103,0.00000000,-0.01089876
2022-08-15,-0.00390103,0.00000000,-0.00654452
2022-08-16,-0.00665497,0.00000000,-0.01728718
2022-08-17,-0.01180533,0.00000000,-0.01889316
2022-08-18,-0.00053546,0.00000000,-0.00966360
2022-08-19,-0.00080693,0.00000000,-0.00182256
2022-08-22,0.00813021,0.00000000,0.01099852
2022-08-23,0.00067473,0.00000000,0.00187421
2022-08-24,-0.00112677,0.00000000,-0.00854376
2022-08-25,-0.00093164,0.00000000,0.00347840
2022-08-26,0.01092867,0.00000000,0.01634509
2022-08-29,-0.00226390,0.00000000,0.00088953
2022-08-30,0.00176482,0.00000000,0.00312289
2022-08-31,0.00901512,0.00000000,0.01051042
2022-09-01,0.00761437,0.00000000,-0.00246431
2022-09-02,-0.00837299,0.00000000,-0.01579465
2022-09-05,0.01150174,0.00000000,0.01088400
2022-09-06,-0.00542981,0.00000000,0.01496272
2022-09-07,0.00921403,0.00000000,0.00706776
2022-09-08,0.00526872,0.00000000,-0.00344203
2022-09-09,0.01031601,0.00000000,0.02298224
2022-09-12,-0.00196016,0.00000000,-0.00266799
2022-09-13,-0.00572894,0.00000000,-0.00186260
2022-09-14,0.00015397,0.00000000,-0.01201363
2022-09-15,0.01043538,0.00000000,0.00260989
2022-09-16,0.01590396,0.00000000,0.01181668
2022-09-19,0.00976637,0.00000000,0.00259283
2022-09-20,0.01465369,0.00000000,0.02596365
2022-09-21,0.00058610,1.00000000,0.00166712
2022-09-22,0.00613679,0.00000000,0.00269719
2022-09-23,0.00641207,0.00000000,0.01163178
2022-09-26,0.01820864,0.00000000,0.01584572
2022-09-27,0.00746827,0.00000000,0.01687017
2022-09-28,0.01585872,0.00000000,0.01411884
2022-09-29,0.00762126,0.00000000,0.01276069
2022-09-30,0.02112441,0.00000000,0.03059260
2022-10-03,-0.01059934,0.00000000,-0.01657661
2022-10-04,0.01419836,0.00000000,0.02006417
2022-10-05,-0.01703495,0.00000000,-0.01431085
2022-10-06,-0.00356427,0.00000000,-0.00444120
2022-10-07,0.00114508,0.00000000,-0.01445427
2022-10-10,-0.00723118,0.00000000,-0.00330165
2022-10-11,0.00211553,0.00000000,0.01388326
2022-10-12,-0.00351744,0.00000000,-0.01358699
2022-10-13,0.01023173,0.00000000,0.00966446
2022-10-14,0.01332646,1.00000000,0.01371408
2022-10-17,-0.00654527,0.00000000,-0.00357797
2022-10-18,0.00497050,0.00000000,0.00264040
2022-10-19,0.00062131,0.00000000,-0.00636351
2022-10-20,0.00466518,0.00000000,-0.00294219
2022-10-21,-0.00058556,0.00000000,0.00135126
2022-10-24,0.00281737,0.00000000,0.00857705
2022-10-25,0.00033956,0.00000000,0.00148835
2022-10-26,0.00496543,0.00000000,0.00164468
2022-10-27,0.01385243,0.00000000,0.00467214
2022-10-28,0.00254023,0.00000000,0.00111106
2022-10-31,-0.01308510,0.00000000,-0.00708778
2022-11-01,-0.00798384,0.00000000,-0.01791234
2022-11-02,-0.00722622,0.00000000,-0.01100144
2022-11-03,-0.01464352,0.00000000,-0.01556258
2022-11-04,0.01292160,0.00000000,0.01160426
2022-11-07,-0.00627265,0.00000000,-0.00406576
2022-11-08,0.00553249,0.00000000,0.00474270
2022-11-09,0.00641476,0.00000000,0.00699740
2022-11-10,0.01264474,0.00000000,0.01766980
2022-11-11,-0.00338258,0.00000000,-0.00338741
2022-11-14,0.00382671,0.00000000,0.01145620
2022-11-15,0.00093766,0.00000000,-0.01350507
2022-11-16,0.00634551,0.00000000,0.01253975
2022-11-17,-0.00235605,0.00000000,-0.00490911
2022-11-18,0.01538708,0.00000000,0.01765671
2022-11-21,-0.01127036,0.00000000,-0.01478284
2022-11-22,0.02367048,0.00000000,0.02362419
2022-11-23,-0.00350018,0.00000000,-0.01670067
2022-11-24,0.00448624,0.00000000,0.01424955
2022-11-25,0.00218218,0.00000000,0.00529566
2022-11-28,-0.00240044,0.00000000,-0.00348595
2022-11-29,-0.00015101,0.00000000,-0.00870947
2022-11-30,0.00796933,1.00000000,0.01660018
2022-12-01,0.00583621,0.00000000,0.00333805
2022-12-02,0.00568307,0.00000000,0.00761823
2022-12-05,-0.00980038,0.00000000,-0.00197388
2022-12-06,-0.00451323,0.00000000,0.00366418
2022-12-07,-0.00342697,0.00000000,-0.00720612
2022-12-08,-0.00674327,0.00000000,-0.01429488
2022-12-09,0.00824394,0.00000000,0.01565372
2022-12-12,-0.00911499,0.00000000,-0.00408301
2022-12-13,-0.00663266,0.00000000,-0.00704657
2022-12-14,0.00927310,0.00000000,0.01470564
2022-12-15,-0.00935927,0.00000000,-0.01157452
2022-12-16,-0.00459779,0.00000000,-0.00006344
2022-12-19,0.00171852,0.00000000,-0.00066609
2022-12-20,0.01582291,0.00000000,0.00709430
2022-12-21,-0.00613680,0.00000000,-0.00181162
2022-12-22,0.01076303,0.00000000,0.01184840
2022-12-23,0.00597017,0.00000000,0.00311286
2022-12-26,0.00124061,0.00000000,0.00599390
2022-12-27,-0.00254594,0.00000000,-0.01531531
2022-12-28,0.01911972,1.00000000,0.01629071
2022-12-29,0.00814497,0.00000000,-0.00175145
2022-12-30,-0.00298842,0.00000000,-0.00027439
2023-01-02,-0.00438236,0.00000000,-0.01416826
2023-01-03,0.01037938,0.00000000,0.01474573
2023-01-04,-0.00163046,0.00000000,-0.00788989
2023-01-05,-0.00884432,0.00000000,-0.01642756
2023-01-06,-0.01049728,0.00000000,-0.01012000
2023-01-09,-0.00275155,0.00000000,0.00671276
2023-01-10,0.01103406,0.00000000,0.00439957
2023-01-11,-0.00035087,0.00000000,0.00264494
2023-01-12,-0.00719929,0.00000000,-0.00645477
2023-01-13,-0.01240083,0.00000000,-0.01834948
2023-01-16,-0.00743083,0.00000000,0.00434882
2023-01-17,0.00363003,0.00000000,0.00239466
2023-01-18,-0.00133092,0.00000000,0.01092468
2023-01-19,-0.00196416,0.00000000,-0.00272563
2023-01-20,-0.00129680,1.00000000,-0.00386148
2023-01-23,0.00059880,0.00000000,0.00630988
2023-01-24,-0.00015689,0.00000000,-0.00618839
2023-01-25,0.01219750,0.00000000,0.01791888
2023-01-26,-0.00971003,0.00000000,-0.02294430
2023-01-27,-0.01723585,0.00000000,-0.00893122
2023-01-30,0.00203058,0.00000000,0.02042987
2023-01-31,0.01929164,0.00000000,0.03006737
2023-02-01,0.00407566,0.00000000,-0.00072528
2023-02-02,-0.00485705,0.00000000,-0.00610535
2023-02-03,-0.00467575,0.00000000,-0.00873225
2023-02-06,0.00224093,0.00000000,0.00197566
2023-02-07,0.00459647,0.00000000,0.00415573
2023-02-08,0.00664613,0.00000000,0.00076160
2023-02-09,-0.00415281,0.00000000,-0.00279319
2023-02-10,-0.00162524,0.00000000,0.00077237
2023-02-13,-0.01116998,0.00000000,0.00437838
2023-02-14,-0.00718036,0.00000000,-0.01352919
2023-02-15,0.01354024,0.00000000,0.01077585
2023-02-16,-0.00620357,1.00000000,-0.00832442
2023-02-17,-0.01015953,0.00000000,-0.01873239
2023-02-20,-0.00160670,0.00000000,0.00209713
2023-02-21,-0.00160093,0.00000000,-0.01504638
2023-02-22,0.01166643,0.00000000,0.01319193
2023-02-23,-0.00120107,0.00000000,0.00931954
2023-02-24,0.00215822,0.00000000,-0.00437921
2023-02-27,0.01558667,0.00000000,0.00927461
2023-02-28,-0.01895117,0.00000000,-0.00587094
2023-03-01,-0.00975762,0.00000000,-0.01606477
2023-03-02,0.00094161,0.00000000,-0.00314113
2023-03-03,0.01149015,0.00000000,0.01204020
2023-03-06,0.00708749,0.00000000,0.00290340
2023-03-07,-0.01493699,0.00000000,-0.01044643
2023-03-08,0.00137925,0.00000000,0.00890586
2023-03-09,0.00252510,0.00000000,0.02538420
2023-03-10,-0.01014993,0.00000000,-0.00973809
2023-03-13,-0.00110526,0.00000000,0.00301487
2023-03-14,-0.01816185,0.00000000,-0.02607295
2023-03-15,-0.00651953,0.00000000,-0.01002384
2023-03-16,0.00625347,0.00000000,-0.01027971
2023-03-17,0.00705933,0.00000000,0.00159964
2023-03-20,-0.00192174,0.00000000,-0.01155160
2023-03-21,0.01014074,0.00000000,0.00702068
2023-03-22,-0.01067064,0.00000000,-0.01042318
2023-03-23,-0.00459457,0.00000000,-0.01514884
2023-03-24,0.00840005,0.00000000,0.01257126
2023-03-27,-0.00141023,0.00000000,-0.00200004
2023-03-28,0.01334188,0.00000000,0.00496615
2023-03-29,-0.00057345,0.00000000,0.00335883
2023-03-30,0.01050271,0.00000000,0.01206844
2023-03-31,-0.00573620,0.00000000,-0.00139356
2023-04-03,-0.01014186,0.00000000,-0.02113495
2023-04-04,-0.00391564,0.00000000,-0.00604216
2023-04-05,0.00661102,0.00000000,0.00793303
2023-04-06,0.01136225,0.00000000,0.00313183
2023-04-07,-0.00260960,0.00000000,-0.00555806
2023-04-10,0.00256297,0.00000000,0.00745687
2023-04-11,-0.00521048,0.00000000,0.00201993
2023-04-12,0.00779309,0.00000000,0.00516488
2023-04-13,0.00220496,0.00000000,-0.00475467
2023-04-14,-0.00448850,0.00000000,-0.00847758
2023-04-17,-0.00577223,0.00000000,-0.00368518
2023-04-18,-0.00695501,0.00000000,-0.01488314
2023-04-19,0.01778502,0.00000000,0.00948747
2023-04-20,0.00397423,0.00000000,-0.00278643
2023-04-21,0.00646025,0.00000000,-0.01351792
2023-04-24,0.00506860,0.00000000,0.01082859
2023-04-25,0.00502626,0.00000000,0.00275247
2023-04-26,0.00324498,1.00000000,-0.01340475
2023-04-27,-0.02735249,0.00000000,-0.02872544
2023-04-28,0.00877052,0.00000000,0.00575407
2023-05-01,-0.00279876,0.00000000,0.00537394
2023-05-02,0.00362272,0.00000000,-0.00237341
2023-05-03,-0.00523027,0.00000000,-0.00315626
2023-05-04,0.00804136,0.00000000,0.01047413
2023-05-05,0.00518481,0.00000000,0.00711415
2023-05-08,-0.00007978,0.00000000,-0.00429119
2023-05-09,0.00644445,0.00000000,0.01925234
2023-05-10,0.01218439,0.00000000,0.00432899
2023-05-11,-0.01411250,0.00000000,-0.02094639
2023-05-12,-0.00035680,0.00000000,-0.00103750
2023-05-15,0.00383111,0.00000000,0.00950972
2023-05-16,-0.00927904,0.00000000,-0.00739167
2023-05-17,0.00572180,0.00000000,-0.01060075
2023-05-18,0.02091461,0.00000000,0.01290292
2023-05-19,-0.00036172,0.00000000,-0.01201970
2023-05-22,0.00049289,0.00000000,0.00570733
2023-05-23,0.00179551,0.00000000,0.00771602
2023-05-24,0.00600480,0.00000000,0.00270214
2023-05-25,-0.01313504,0.00000000,0.00213837
2023-05-26,-0.00325274,0.00000000,0.00284881
2023-05-29,-0.00756399,0.00000000,-0.01181756
2023-05-30,-0.00704840,0.00000000,-0.01272979
2023-05-31,0.00950367,0.00000000,0.00852545
2023-06-01,0.00601575,0.00000000,0.00264268
2023-06-02,-0.01263744,0.00000000,-0.01529206
2023-06-05,0.00756522,0.00000000,0.00039808
2023-06-06,0.01374810,1.00000000,0.00926915
2023-06-07,-0.00393043,0.00000000,-0.01048305
2023-06-08,0.00749249,0.00000000,0.00818387
2023-06-09,0.02142673,0.00000000,0.02815478
2023-06-12,-0.00428973,1.00000000,-0.01586734
2023-06-13,0.01534506,0.00000000,-0.00367889
2023-06-14,0.00061137,0.00000000,-0.00048527
2023-06-15,0.01273507,0.00000000,0.01727817
2023-06-16,0.00507783,0.00000000,0.00419742
2023-06-19,0.00864937,0.00000000,0.01196845
2023-06-20,-0.00968312,0.00000000,-0.02383173
2023-06-21,-0.00200687,1.00000000,-0.00710939
2023-06-22,0.01384645,0.00000000,0.00309401
2023-06-23,0.00041797,0.00000000,-0.01099759
2023-06-26,0.00428196,0.00000000,-0.00734812
2023-06-27,-0.00195079,0.00000000,0.00113083
2023-06-28,0.00752001,0.00000000,0.01610272
2023-06-29,0.00837974,1.00000000,0.01868697
2023-06-30,0.00328093,0.00000000,0.00833474
2023-07-03,0.00844079,1.00000000,0.01197663
2023-07-04,-0.00093005,0.00000000,0.00311672
2023-07-05,-0.00091567,0.00000000,-0.00240466
2023-07-06,0.00655724,1.00000000,0.00932201
2023-07-07,-0.00405342,0.00000000,-0.00213416
2023-07-10,-0.00984696,0.00000000,-0.01274744
2023-07-11,0.00244001,0.00000000,0.01048049
2023-07-12,-0.00824826,0.00000000,-0.00566007
2023-07-13,0.00956824,0.00000000,0.01769271
2023-07-14,0.00463468,1.00000000,0.00324594
2023-07-17,0.00712688,0.00000000,0.01791447
2023-07-18,0.01316505,0.00000000,0.00866585
2023-07-19,-0.01011681,0.00000000,-0.00914497
2023-07-20,0.00150164,0.00000000,0.01535083
2023-07-21,0.00411252,0.00000000,0.01054758
2023-07-24,0.00047999,0.00000000,0.00240942
2023-07-25,0.00037492,0.00000000,-0.01014618
2023-07-26,-0.01115123,0.00000000,-0.00661405
2023-07-27,-0.00238476,0.00000000,-0.00044387
2023-07-28,0.00119810,0.00000000,0.00417543
2023-07-31,0.01038642,0.00000000,0.01394655
2023-08-01,-0.00771836,0.00000000,-0.00688601
2023-08-02,0.00691760,0.00000000,0.01701868
2023-08-03,0.00879800,0.00000000,0.00915468
2023-08-04,0.02442607,0.00000000,0.02471701
2023-08-07,0.00190781,0.00000000,0.00701682
2023-08-08,-0.00026931,0.00000000,-0.00706692
2023-08-09,-0.00030522,0.00000000,-0.01022676
2023-08-10,0.00104348,0.00000000,-0.00218653
2023-08-11,0.01686277,0.00000000,0.00595077
2023-08-14,0.01398486,0.00000000,0.01065350
2023-08-15,-0.00365621,1.00000000,-0.00228996
2023-08-16,0.01947239,0.00000000,0.02281822
2023-08-17,0.01150452,0.00000000,0.01629626
2023-08-18,-0.01250786,0.00000000,-0.00587581
2023-08-21,-0.01765155,0.00000000,-0.02617211
2023-08-22,0.00244538,0.00000000,0.00211164
2023-08-23,-0.00105141,0.00000000,-0.00012811
2023-08-24,-0.00014360,0.00000000,-0.00459760
2023-08-25,0.00632821,0.00000000,0.00725482
2023-08-28,0.00500628,0.00000000,0.00334146
2023-08-29,0.00404145,0.00000000,-0.00205837
2023-08-30,0.01206531,0.00000000,0.00876011
2023-08-31,-0.00983127,0.00000000,0.00360997
2023-09-01,-0.00093684,0.00000000,-0.01002880
2023-09-04,-0.01116900,0.00000000,-0.00622333
2023-09-05,-0.01111929,0.00000000,-0.00111437
2023-09-06,-0.00041720,0.00000000,0.00461210
2023-09-07,-0.02217018,0.00000000,-0.02100206
2023-09-08,-0.00680953,0.00000000,-0.00677244
2023-09-11,-0.00404315,0.00000000,-0.01318277
2023-09-12,0.00503208,0.00000000,-0.00003102
2023-09-13,0.01773915,0.00000000,0.02205412
2023-09-14,-0.00105539,0.00000000,-0.00554506
2023-09-15,0.01204842,0.00000000,0.01745844
2023-09-18,-0.01461254,0.00000000,-0.00902275
2023-09-19,0.00286596,0.00000000,0.00013877
2023-09-20,0.02118774,0.00000000,0.02861180
2023-09-21,0.00201482,0.00000000,0.00163149
2023-09-22,-0.00374385,0.00000000,-0.01688180
2023-09-25,0.01041292,0.00000000,0.02060485
